track,artist,album,track_id
Thick Of It (feat. Trippie Redd),"KSI, Trippie Redd",Thick Of It (feat. Trippie Redd) / Low,1xmvq1fYLs9TEgikaFilGW
Wake Me Up (feat. Justice),"The Weeknd, Justice",Hurry Up Tomorrow,5673WA8EEUSPx1ir26lhGW
Cry For Me,The Weeknd,Hurry Up Tomorrow,3AWDeHLc88XogCaCnZQLVI
São Paulo (feat. Anitta),"The Weeknd, Anitta",Hurry Up Tomorrow,7DY756WOLyOz2Xnhw4EFiC
Until We're Skin & Bones,The Weeknd,Hurry Up Tomorrow,6jDGDtQPC46pFqxph3qdbD
Baptized In Fear,The Weeknd,Hurry Up Tomorrow,5rzI6Jnlhx8DgVgsOLorfW
Open Hearts,The Weeknd,Hurry Up Tomorrow,0sTBOp1hdayTjw6UOyPyi6
Opening Night,The Weeknd,Hurry Up Tomorrow,4Msr8L0gHGDsLSBlk7pSPU
"Reflections Laughing (feat. Travis Scott, Florence + The Machine)","The Weeknd, Travis Scott, Florence + The Machine",Hurry Up Tomorrow,2gyHr9WqZeMtzJOpWGuGo6
Enjoy The Show (feat. Future),"The Weeknd, Future",Hurry Up Tomorrow,637oNhilCI9UlkWkUW4Grt
Given Up On Me,The Weeknd,Hurry Up Tomorrow,0FolPJnYMo71Z7qasTuoJT
I Can't Wait To Get There,The Weeknd,Hurry Up Tomorrow,0bcZ7xN9IcjSNxLerzR2yl
Timeless (feat Playboi Carti),"The Weeknd, Playboi Carti",Hurry Up Tomorrow,0FIDCNYYjNvPVimz5icugS
Niagara Falls,The Weeknd,Hurry Up Tomorrow,2v0AG62ZHtD3I4YmTb3WYM
Take Me Back To LA,The Weeknd,Hurry Up Tomorrow,7rVmzyFA7f4rNGl9onF21E
Big Sleep (feat. Giorgio Moroder),"The Weeknd, Giorgio Moroder",Hurry Up Tomorrow,4sWQbsLLH2NEbO79DSZCL9
Give Me Mercy,The Weeknd,Hurry Up Tomorrow,0K3w6WNawZlv6Izmsrye8o
Drive,The Weeknd,Hurry Up Tomorrow,6i5fDaCzwxRrZtuvvcqoIf
The Abyss (feat. Lana Del Rey),"The Weeknd, Lana Del Rey",Hurry Up Tomorrow,5ZDKPFRZC6QlJpf8bCIXTs
Red Terror,The Weeknd,Hurry Up Tomorrow,717s9KFmHhyy5t3xkStS56
Without a Warning,The Weeknd,Hurry Up Tomorrow,6n6GfXu4i22rdsmRKe2eIn
Hurry Up Tomorrow,The Weeknd,Hurry Up Tomorrow,4TDPlp7OSOjuDU3l7PCM04
Dawn FM,The Weeknd,Dawn FM,6krYS8KtmNAYyb5uTZiYW4
Gasoline,The Weeknd,Dawn FM,3KyKxJ4P3pVCgaZwaq2rUC
How Do I Make You Love Me?,The Weeknd,Dawn FM,2Ghp894n1laIf2w98VeAOJ
Take My Breath,The Weeknd,Dawn FM,2vgUijXOTRMnWXDtvgMp2b
Sacrifice,The Weeknd,Dawn FM,1nH2PkJL1XoUq8oE6tBZoU
A Tale By Quincy,The Weeknd,Dawn FM,759ndr57jb0URg4j9YSWml
Out of Time,The Weeknd,Dawn FM,2SLwbpExuoBDZBpjfefCtV
"Here We Go… Again (feat. Tyler, the Creator)","The Weeknd, Tyler, The Creator",Dawn FM,1NhjYYcYTRywc0di98xHxf
Best Friends,The Weeknd,Dawn FM,1E5Xu8dur0fAjSP1VpVhAZ
Is There Someone Else?,The Weeknd,Dawn FM,0mL82sxCRjrs3br407IdJh
Starry Eyes,The Weeknd,Dawn FM,6zzdyvVWjGrQBraSvuqJPY
Every Angel is Terrifying,The Weeknd,Dawn FM,3vJcz8exedHCjQ9ed95NqU
Don’t Break My Heart,The Weeknd,Dawn FM,6a4GH1gljLL7VvmO9u5O92
I Heard You’re Married (feat. Lil Wayne),"The Weeknd, Lil Wayne",Dawn FM,5XbA7TAqsD0fj0dGBrbb0D
Less Than Zero,The Weeknd,Dawn FM,2D4dV2KXDTszzJ3p3cFqhA
Phantom Regret by Jim,The Weeknd,Dawn FM,1NlK2NtpuUazpziLhnJwEV
Alone Again,The Weeknd,After Hours,6b5P51m8xx2XA6U7sdNZ5E
Too Late,The Weeknd,After Hours,2K9Ovn1o2bTGqbsABGC6m3
Hardest To Love,The Weeknd,After Hours,6kWxIqQDsKFYCJGbU4AjCX
Scared To Live,The Weeknd,After Hours,4BGZF4oLbTL0pWm7C18pbv
Snowchild,The Weeknd,After Hours,3WlbeuhfRSqU7ylK2Ui5U7
Escape From LA,The Weeknd,After Hours,1sOW4PuG5X3Ie3EXUhAopJ
Heartless,The Weeknd,After Hours,6bnF93Rx87YqUBLSgjiMU8
Faith,The Weeknd,After Hours,3orEOtd8CPL8GFlpRpKuoE
Blinding Lights,The Weeknd,After Hours,0VjIjW4GlUZAMYd2vXMi3b
In Your Eyes,The Weeknd,After Hours,7szuecWAPwGoV1e5vGu8tl
Save Your Tears,The Weeknd,After Hours,5QO79kh1waicV47BqGRL3g
Repeat After Me (Interlude),The Weeknd,After Hours,40U8d12pC5UHqmHwXjHjjl
After Hours,The Weeknd,After Hours,2p8IUWQDrpjuFltbdgLOag
Until I Bleed Out,The Weeknd,After Hours,2BcnxwxBuar5wjCaLqm5N3
Starboy,"The Weeknd, Daft Punk",Starboy,7MXVkk9YMctZqd1Srtv4MB
Party Monster,The Weeknd,Starboy,4F7A0DXBrmUAkp32uenhZt
False Alarm,The Weeknd,Starboy,4oeaIftdpT3JuZLcCkKmVE
Reminder,The Weeknd,Starboy,37F0uwRSrdzkBiuj0D5UHI
Rockin’,The Weeknd,Starboy,36YCdzT57us0LhDmCYtrNE
Secrets,The Weeknd,Starboy,00NAQYOP4AmWR549nnYJZu
True Colors,The Weeknd,Starboy,1oGdVdYjeQvojGKDddxLQQ
Stargirl Interlude,"The Weeknd, Lana Del Rey",Starboy,4EDijkJdHBZZ0GwJ12iTAj
Sidewalks,"The Weeknd, Kendrick Lamar",Starboy,4h90qkbnW1Qq6pBhoPvwko
Six Feet Under,The Weeknd,Starboy,4mU5iXHeLgbR94siF7p1sY
Love To Lay,The Weeknd,Starboy,27BgDmciSjoxTG0almHTpZ
A Lonely Night,The Weeknd,Starboy,0ifooM33X1iBxVYyOkSbXW
Attention,The Weeknd,Starboy,6pDVjCUA3B1vg9waKutAsv
Ordinary Life,The Weeknd,Starboy,15k2nBQJ0teDmPZHrOXL2N
Nothing Without You,The Weeknd,Starboy,57qiTKh8bVX0VtfUNTQqhw
All I Know,"The Weeknd, Future",Starboy,0NWqNXBJTpXbkI5rPWNy3p
Die For You,The Weeknd,Starboy,2Ch7LmS7r2Gy2kc64wv3Bz
I Feel It Coming,"The Weeknd, Daft Punk",Starboy,3dhjNA0jGA8vHBQ1VdD6vV
Life Goes On,Oliver Tree,"Ugly is Beautiful: Shorter, Thicker & Uglier (Deluxe)",0eu4C55hL6x29mmeAjytzC
Alien Boy,Oliver Tree,Ugly is Beautiful,3BIIJgBJJ7NhhCv4MI6n7w
KING,"Kanye West, Ye",BULLY,4LP6bmyAxdMNrqUrMpaVQ8
THIS A MUST,"Kanye West, Ye",BULLY,41e8XO5tcG6Uesk2FhdsWm
FATHER (feat. Travis Scott),"Kanye West, Ye, Travis Scott",BULLY,5pfn68duSmBKo4FhYknOms
ALL THE LOVE (feat. Andre Troutman),"Kanye West, Ye, Andre Troutman",BULLY,2SjnvpedDUU0Ga69bxnoCa
PUNCH DRUNK,"Kanye West, Ye",BULLY,4bWZz15GR1EE8E8x23rDWV
WHATEVER WORKS,"Kanye West, Ye",BULLY,7GVuAK4EmYP7gvlXA4JXqU
MAMA’S FAVORITE (feat. Nine Vicious),"Kanye West, Ye, Nine Vicious",BULLY,25fLIFbAV7zBetOH077pDl
SISTERS AND BROTHERS,"Kanye West, Ye",BULLY,1FpjiEapAG8XJdVSI0tvdc
BULLY (feat. CeeLo Green),"Kanye West, Ye, CeeLo Green",BULLY,6KhDb86ThnlKirRw1UBZGb
HIGHS AND LOWS,"Kanye West, Ye",BULLY,565G1vHZu2xoxrnTyF06Qw
I CAN’T WAIT,"Kanye West, Ye",BULLY,163l4Itf8oDEK7ZYdVm22N
WHITE LINES (feat. Andre Troutman),"Kanye West, Ye, Andre Troutman",BULLY,3bbjDFVu9BtFtGD2fZpVfz
CIRCLES,"Kanye West, Ye",BULLY,1udGa2Ww3YIVSp5X4OMHFQ
PREACHER MAN,"Kanye West, Ye",BULLY,0fD7KBtQgPR1YCtuPAsyZJ
BEAUTY AND THE BEAST,"Kanye West, Ye",BULLY,6pxHjkpwGmg97Yn5HcwNTn
DAMN,"Kanye West, Ye",BULLY,4dm2VMjIs1JlGZp2TePJaE
LAST BREATH (feat. Peso Pluma),"Kanye West, Ye, Peso Pluma",BULLY,13CvK7typ0qYle19p9Vahn
THIS ONE HERE,"Kanye West, Ye",BULLY,7uGrdyEErKPSA3oiJQHxQ6
Donda Chant,Kanye West,Donda,7eSSmgq26BXr7xay3WKjfi
Jail,Kanye West,Donda,6d8HN8MqqbqrEUI2bvx0aG
God Breathed,Kanye West,Donda,5JaSg0AYyAMMLjyGGDrrCm
Off The Grid,Kanye West,Donda,6LNoArVBBVZzUTUiAX2aKO
Hurricane,"Kanye West, The Weeknd, Lil Baby",Donda,6Hfu9sc7jvv6coyy2LlzBF
Praise God,Kanye West,Donda,0WSEq9Ko4kFPt8yo3ICd6T
Jonah,Kanye West,Donda,35acXjupfWHgtchiS6yAjC
Ok Ok,Kanye West,Donda,5LuXsO34x6KVlL8OWsxRqk
Junya,Kanye West,Donda,1jgcODbfAL3tV7tikF6n1j
Believe What I Say,Kanye West,Donda,0JuSGEldfovcc8IS9va1wa
24,Kanye West,Donda,68RhNM8ehkarnEKnCkqlsp
Remote Control,Kanye West,Donda,45N9i9QraLWD6GW7xBqxnx
Moon,Kanye West,Donda,7CC6UbCs4iGsePSzFxYxNn
Heaven and Hell,Kanye West,Donda,2Y40huo5ewaKYxsFintYtF
Donda,Kanye West,Donda,4jkwu5KQbXXrbAZzVmt5fE
Keep My Spirit Alive,Kanye West,Donda,7EagormFign5ag6f16ua3I
Jesus Lord,Kanye West,Donda,1LwdWIbfuqlOo8vlHxkyna
New Again,Kanye West,Donda,75QktuEju5vz9lyXiLaUao
Tell The Vision,Kanye West,Donda,4OfnDoi5VOPsXtwnofq6aL
Lord I Need You,Kanye West,Donda,5Iq6pIudd4KfuxZqf8872b
Pure Souls,Kanye West,Donda,5aqUqSq0SqGBAqEn27PEzc
Come to Life,Kanye West,Donda,5xvXeuxISyXJDRbZZf4uzd
No Child Left Behind,Kanye West,Donda,3hd6zLhnTlbJ8PupYt3cAI
Jail pt 2,Kanye West,Donda,2H8jWuNmluerTEsuh8Gu6y
Ok Ok pt 2,Kanye West,Donda,5ad5uryyzVWs95bK3myGkw
Junya pt 2,Kanye West,Donda,2auYgZ1GcTkWj2bOaE2Wwm
Jesus Lord pt 2,Kanye West,Donda,360VkSTITvF55weIKoaNTw
Feel The Love,"KIDS SEE GHOSTS, Pusha T",KIDS SEE GHOSTS,3aUFrxO1B8EW63QchEl3wX
Fire,KIDS SEE GHOSTS,KIDS SEE GHOSTS,7oHkit3F3vimtsBbnZkU0G
4th Dimension,"KIDS SEE GHOSTS, Louis Prima",KIDS SEE GHOSTS,6JyEh4kl9DLwmSAoNDRn5b
Freeee (Ghost Town Pt. 2),"KIDS SEE GHOSTS, Ty Dolla $ign",KIDS SEE GHOSTS,7GRTrWsP3yo2Fx8umJfA1X
Reborn,KIDS SEE GHOSTS,KIDS SEE GHOSTS,4RVbK6cV0VqWdpCDcx3hiT
Kids See Ghosts,"KIDS SEE GHOSTS, Yasiin Bey",KIDS SEE GHOSTS,2I3dW2dCBZAJGj5X21E53k
Cudi Montage,KIDS SEE GHOSTS,KIDS SEE GHOSTS,4kUZvXB3LC3an3HX6h0s17
I Thought About Killing You,Kanye West,ye,0yhxBvedRdGxsPZHJNI4VA
Yikes,Kanye West,ye,1qsHYUd2c1wFGcn7e63QmG
All Mine,Kanye West,ye,3U21A07gAloCc4P7J8rxcn
Wouldn't Leave,"Kanye West, PARTYNEXTDOOR",ye,1nGoy0cEj0extAwXYNYTWd
No Mistakes,Kanye West,ye,35KV2Nuib6jPMVN00O8iba
Ghost Town,"Kanye West, PARTYNEXTDOOR",ye,7vgTNTaEz3CsBZ1N4YQalM
Violent Crimes,Kanye West,ye,3s7MCdXyWmwjdcWh7GWXas
Ultralight Beam,Kanye West,The Life Of Pablo,1eQBEelI2NCy7AUTerX0KS
Father Stretch My Hands Pt. 1,Kanye West,The Life Of Pablo,4KW1lqgSr8TKrvBII0Brf8
Pt. 2,Kanye West,The Life Of Pablo,1Wsbr1d2BouNGk2q92mIj7
Famous,Kanye West,The Life Of Pablo,19a3JfW8BQwqHWUMbcqSx8
Feedback,Kanye West,The Life Of Pablo,49fT6owWuknekShh9utsjv
Low Lights,Kanye West,The Life Of Pablo,36o4taPyOdnOMf01ERmn9a
Highlights,Kanye West,The Life Of Pablo,4qYLPta5HZ36idWiXtqh7B
Freestyle 4,Kanye West,The Life Of Pablo,6wfzokDylbrJzrJcpnBkcy
I Love Kanye,Kanye West,The Life Of Pablo,5CGS4UovzA7ftCJkLVXQju
Waves,Kanye West,The Life Of Pablo,3nAq2hCr1oWsIU54tS98pL
FML,Kanye West,The Life Of Pablo,30Zcjs7pgEkmJA1lEbGSWT
Real Friends,Kanye West,The Life Of Pablo,66Q3fAmSX5eHamgbKa9alP
Wolves,Kanye West,The Life Of Pablo,432hUIl3ISDeytYW5XBQ5h
Frank's Track,Kanye West,The Life Of Pablo,20r94xA0bsYNLtYSiOE6r3
Siiiiiiiiilver Surffffeeeeer Intermission,Kanye West,The Life Of Pablo,1ZnA4VYOlYIShuGt60LmCs
30 Hours,Kanye West,The Life Of Pablo,2CHmgtK8OCL28WtIK96u4N
No More Parties In LA,Kanye West,The Life Of Pablo,0zLClc0emc6qUeV1p5nc99
Facts (Charlie Heat Version),Kanye West,The Life Of Pablo,3MnbXlC1N7GdS9M8HzA6no
Fade,Kanye West,The Life Of Pablo,3cCxoOgfi6hgt8MNteuiiD
Saint Pablo,Kanye West,The Life Of Pablo,1o0kWPueYo94LIjPYOE5Nf
On Sight,Kanye West,Yeezus,1gqkRc9WtOpnGIqxf2Hvzr
Black Skinhead,Kanye West,Yeezus,722tgOgdIbNe3BEyLnejw4
I Am A God,Kanye West,Yeezus,0HMCdlOPJkAGlB0MlSWIcO
New Slaves,Kanye West,Yeezus,4cAgkb0ifwn0FSHGXnr4F6
Hold My Liquor,Kanye West,Yeezus,5nIu0VwPOsjkF61zfevLKh
I'm In It,Kanye West,Yeezus,52NmkyHsGsHGb1UX8fTkMg
Blood On The Leaves,Kanye West,Yeezus,42GcjriRK6srwHkfbkBqVl
Guilt Trip,Kanye West,Yeezus,5nPOM0nFRAJ3XI8xCxNAzO
Send It Up,Kanye West,Yeezus,3RKblQNJs8HPvWBgXmq6nn
Bound 2,Kanye West,Yeezus,3sNVsP50132BTNlImLx70i
No Church In The Wild,"JAŸ-Z, Kanye West, Frank Ocean, THE-DREAM",Watch The Throne (Deluxe),1jIfaHx4jUl1mqdig9wUra
Lift Off,"JAŸ-Z, Kanye West, Beyoncé",Watch The Throne (Deluxe),2tS99DuyfPPJLBVeD8iAuV
Otis,"JAŸ-Z, Kanye West, Otis Redding",Watch The Throne (Deluxe),4KyMZxbMbrSPHwMczzgxqQ
Gotta Have It,"JAŸ-Z, Kanye West",Watch The Throne (Deluxe),36mTP2gYrZ13YzytQ5p0QW
New Day,"JAŸ-Z, Kanye West",Watch The Throne (Deluxe),0q9GhLUyqu6wCgl1d1S7hO
That's My Bitch,"JAŸ-Z, Kanye West",Watch The Throne (Deluxe),07CRJ8rXcaaqtboD6QXGur
Welcome To The Jungle,"JAŸ-Z, Kanye West",Watch The Throne (Deluxe),5oXniOwyoZL3XB1C4xuiU1
Who Gon Stop Me,"JAŸ-Z, Kanye West",Watch The Throne (Deluxe),5vqGzocoPjRQLsnL7UBOpE
Murder To Excellence,"JAŸ-Z, Kanye West",Watch The Throne (Deluxe),5y55cugikYzqJeZfVBqDeB
Made In America,"JAŸ-Z, Kanye West, Frank Ocean",Watch The Throne (Deluxe),57CdogxwhzdHhqjj0115He
Why I Love You,"JAŸ-Z, Kanye West, Mr Hudson",Watch The Throne (Deluxe),1xUGUTWQNqQzYOX1mkAlFw
H•A•M,"Kanye West, JAŸ-Z",Watch The Throne (Deluxe),64rnghzDMy4cAEMZhSOp9h
Primetime,"JAŸ-Z, Kanye West",Watch The Throne (Deluxe),4WQrG3ke074wTes10aLPBT
The Joy,"JAŸ-Z, Kanye West, Curtis Mayfield",Watch The Throne (Deluxe),6SaPAcPPnp0Wq3IUxcwHNe
Dark Fantasy,Kanye West,My Beautiful Dark Twisted Fantasy,7yNK27ZTpHew0c55VvIJgm
Gorgeous,"Kanye West, Kid Cudi, Raekwon",My Beautiful Dark Twisted Fantasy,23SZWX2IaDnxmhFsSLvkG2
POWER,Kanye West,My Beautiful Dark Twisted Fantasy,2gZUPNdnz5Y45eiGxpHGSc
All Of The Lights (Interlude),Kanye West,My Beautiful Dark Twisted Fantasy,4D6TpthzUVNTjWQqfBW5Kb
All Of The Lights,Kanye West,My Beautiful Dark Twisted Fantasy,22L7bfCiAkJo5xGSQgmiIO
Monster,"Kanye West, JAŸ-Z, Rick Ross, Nicki Minaj, Bon Iver",My Beautiful Dark Twisted Fantasy,1ZHYJ2Wwgxes4m8Ba88PeK
So Appalled,"Kanye West, JAŸ-Z, Pusha T, CyHi, Swizz Beatz, RZA",My Beautiful Dark Twisted Fantasy,6K07Ahf6V7CAQn0ikrOztl
Devil In A New Dress,"Kanye West, Rick Ross",My Beautiful Dark Twisted Fantasy,1UGD3lW3tDmgZfAVDh6w7r
Runaway,"Kanye West, Pusha T",My Beautiful Dark Twisted Fantasy,3DK6m7It6Pw857FcQftMds
Hell Of A Life,Kanye West,My Beautiful Dark Twisted Fantasy,3rCNmRonlHN1TXQLcG3dSk
Blame Game,"Kanye West, John Legend",My Beautiful Dark Twisted Fantasy,4EndPA8b6FDWYp1RgsnLEB
Lost In The World,"Kanye West, Bon Iver",My Beautiful Dark Twisted Fantasy,2Im64pIz6m0EJKdUe6eZ8r
Who Will Survive In America,Kanye West,My Beautiful Dark Twisted Fantasy,4e5IPJxSGVWPsaxQzdRseN
Say You Will,Kanye West,808s & Heartbreak,5e5MKPtJuFb8NaeSEyV5gD
Welcome To Heartbreak,"Kanye West, Kid Cudi",808s & Heartbreak,3F18I7LhWKxlf1PytSoTBH
Heartless,Kanye West,808s & Heartbreak,4EWCNWgDS8707fNSZ1oaA5
Amazing,"Kanye West, Jeezy",808s & Heartbreak,0m3Ze0cy8qBHSsV2exAfCw
Love Lockdown,Kanye West,808s & Heartbreak,1kxeWHF9PrCVZHvVskv8lg
Paranoid,"Kanye West, Mr Hudson",808s & Heartbreak,0w2piYWj1F2bzUftzGJgK9
RoboCop,Kanye West,808s & Heartbreak,02LAK7qT1wya0klSeNO96f
Street Lights,Kanye West,808s & Heartbreak,6j8gTlbhj9KJSeypNcNAS9
Bad News,Kanye West,808s & Heartbreak,1nNPoG2hygEvrFGlHdhvJ9
See You In My Nightmares,"Kanye West, Lil Wayne",808s & Heartbreak,5zuoz1NBnpoHK6g5sbEH8F
Coldest Winter,Kanye West,808s & Heartbreak,2RRFTLIglxHgAYQzsSLI4Y
Pinocchio Story,Kanye West,808s & Heartbreak,6giHsGo1eSYZSXKdNwTC62
Good Morning,Kanye West,Graduation,6MXXY2eiWkpDCezVCc0cMH
Champion,Kanye West,Graduation,4UQMOPSUVJVicIQzjAcRRZ
Stronger,Kanye West,Graduation,0j2T0R9dR9qdJYsB7ciXhf
I Wonder,Kanye West,Graduation,7rbECVPkY5UODxoOUVKZnA
Good Life,"Kanye West, T-Pain",Graduation,4ZPdLEztrlZqbJkgHNw54L
Can't Tell Me Nothing,Kanye West,Graduation,0mEdbdeRFQwBhN4xfyIeUM
Barry Bonds,"Kanye West, Lil Wayne",Graduation,7387VaiHpOsSIZ5nmjseya
Drunk and Hot Girls,"Kanye West, Mos Def",Graduation,7DRuzSlhjKadgdsQRYZ0tr
Flashing Lights,"Kanye West, Dwele",Graduation,5TRPicyLGbAF2LGBFbHGvO
Everything I Am,"Kanye West, DJ Premier",Graduation,0NrtwAmRAdLxua31SzHvXr
The Glory,Kanye West,Graduation,0lWjRSzq5chA9fps3pM8Zr
Homecoming,"Kanye West, Chris Martin",Graduation,4iz9lGMjU1lXS51oPmUmTe
Big Brother,Kanye West,Graduation,2L47m9erkB5KBZcaqWtYen
Good Night,"Kanye West, Mos Def, Albe Back",Graduation,3bhyo2ED5Yd4RLydQBDtD6
Wake Up Mr. West,Kanye West,Late Registration,62KeM7jbmYvzT5FycdiQeS
Heard 'Em Say,"Kanye West, Adam Levine",Late Registration,6yIjtVtnOBeC8SwdVHzAuF
Touch The Sky,"Kanye West, Lupe Fiasco",Late Registration,2dxjKgT0li4qBI3QwuN9Ih
Gold Digger,"Kanye West, Jamie Foxx",Late Registration,1PS1QMdUqOal0ai3Gt7sDQ
Skit #1,Kanye West,Late Registration,164al00XRSLWG6h4hc12bD
Drive Slow,"Kanye West, Paul Wall, GLC",Late Registration,6vB49BJ70zBpDrrAPwdaB8
My Way Home,"Kanye West, Common",Late Registration,0TzIHqhAbvYR6qJKrMMFlk
Crack Music,"Kanye West, The Game",Late Registration,4fRTe59xEeNHT4uyAGsV27
Roses,Kanye West,Late Registration,2DHNCWZYmVr1Lv08q5b0kB
Bring Me Down,"Kanye West, Brandy",Late Registration,25K9cWrxNv991UYiOzBJqR
Addiction,Kanye West,Late Registration,5VzeI5JM2y9t21JwrWAnkH
Skit #2,Kanye West,Late Registration,466XcSgGAiQxcDrcV0yoMP
Diamonds From Sierra Leone - Remix,"Kanye West, JAŸ-Z",Late Registration,34KUIBsIUiPV7oCIzSdDAU
We Major,"Kanye West, Nas, Really Doe",Late Registration,46fk9wjYcPm0sgym2b7EEE
Skit #3,Kanye West,Late Registration,2Xn5DIyAba7Fgyky3gU3rA
Hey Mama,Kanye West,Late Registration,46OFHBw45fNi7QNjSetITR
Celebration,Kanye West,Late Registration,7jAxGkXU58FwNMjqoMahn7
Skit #4,Kanye West,Late Registration,3zXhvJaLpxefYIxBE0cnB0
Gone,"Kanye West, Consequence, Cam'ron",Late Registration,5RjbFGeWVsCpw8EcE8OrvZ
Diamonds From Sierra Leone - Bonus Track,Kanye West,Late Registration,4R5bSS8yoCl2czeWLr61aO
Late,Kanye West,Late Registration,1mFHMzbaECWFaPfoePoEYl
Intro,Kanye West,The College Dropout,7lIr3vVhpDkU5mQEDcnA0S
We Don't Care,Kanye West,The College Dropout,0IW0qaeyxL5Et4UG2MrJKB
Graduation Day,Kanye West,The College Dropout,7wL7Lb8Q3aYyq6gmRL0PZq
All Falls Down,"Kanye West, Syleena Johnson",The College Dropout,5SkRLpaGtvYPhw02vZhQQ9
I'll Fly Away,Kanye West,The College Dropout,6MgGapP3EPFm9kYUvYBTZR
Spaceship,"Kanye West, GLC, Consequence",The College Dropout,1ko2NuvWlQdxtNRc8QQzmT
Jesus Walks,Kanye West,The College Dropout,5g1vtHqi9uV7xtYeCcFOBx
Never Let Me Down,"Kanye West, JAŸ-Z, J. Ivy",The College Dropout,34j4OxJxKznBs88cjSL2j9
Get Em High,"Kanye West, Talib Kweli, Common",The College Dropout,5b2FFKC64kxqcfaFnIZxoM
Workout Plan,Kanye West,The College Dropout,2a1JSfTePKhysdIif2bzut
The New Workout Plan,Kanye West,The College Dropout,1Vp4St7JcXaUoJcIahtf3L
Slow Jamz,"Twista, Kanye West, Jamie Foxx",The College Dropout,3A4cpTBPaIQdtPFb5JxtaX
Breathe In Breathe Out,"Kanye West, Ludacris",The College Dropout,4KFY4EEv9CN6ivrzD6vEvg
School Spirit Skit 1,Kanye West,The College Dropout,25mwJPzWVmS2yronBNQJF1
School Spirit,Kanye West,The College Dropout,1th3G3okofWlvGWAAR7Y4V
School Spirit Skit 2,Kanye West,The College Dropout,5MAY7XyW322jMwLDtBQgsZ
Lil Jimmy Skit,Kanye West,The College Dropout,4BhwlQ9mTwhFGXpQvP9JTV
Two Words,"Kanye West, Mos Def, Freeway, The Boys Choir Of Harlem",The College Dropout,62wtttQzoIA9HnNmGVd9Yq
Through The Wire,Kanye West,The College Dropout,4mmkhcEm1Ljy1U9nwtsxUo
Family Business,Kanye West,The College Dropout,5DBmXF7QO43Cuy9yqva116
Last Call,Kanye West,The College Dropout,7iOhWWYjhhQiXzF4o4HhXN
ATTENTION,Joji,BALLADS 1,0WRBJ8YRdbS6rwZkCk1Odh
SLOW DANCING IN THE DARK,Joji,BALLADS 1,6rY5FAWxCdAGllYEOZMbjW
TEST DRIVE,Joji,BALLADS 1,3u9RHP8IpKPZh7bKHw83Ci
WANTED U,Joji,BALLADS 1,4rf7Mjit1TCiNaDgdn6peQ
CAN'T GET OVER YOU (feat. Clams Casino),"Joji, Clams Casino",BALLADS 1,1c4qQG0WFrhSZxWGHjN1qA
YEAH RIGHT,Joji,BALLADS 1,52ooD6LHuXFubM6d1CDD93
WHY AM I STILL IN LA (feat. Shlohmo & D33J),"Joji, Shlohmo, D33J",BALLADS 1,6gdwDKR1y2qERKi2CHpxqq
NO FUN,Joji,BALLADS 1,3nNjA76lO6zbLKugA0tdOw
COME THRU,Joji,BALLADS 1,4pLoPxNTIwOoKj6s8BIoHR
R.I.P. (feat. Trippie Redd),"Joji, Trippie Redd",BALLADS 1,4HKWrGhNxub4PTLg5CM5fW
XNXX,Joji,BALLADS 1,4ZFx96qgd3um86QFdEslYv
I'LL SEE YOU IN 40,Joji,BALLADS 1,2YTNma2z5qiOWYPMBGBFES
BIRDS OF A FEATHER,Billie Eilish,HIT ME HARD AND SOFT,6dOtVTDdiauQNBQEDOtlAB
Ew,Joji,Nectar,6gExa9cxGhE0TFvhcZrVfe
MODUS,Joji,Nectar,1pCTvUpBh44pD2YvdBRMDg
Tick Tock,Joji,Nectar,6zighguqcbLmsrB1fV4QdF
Daylight,"Joji, Diplo",Nectar,5MA4ydyNq4FyaEJh07qNnY
Upgrade,Joji,Nectar,2Gq70af8SGlNYY3ADcjwAR
Gimme Love,Joji,Nectar,2SObiSlRVadbqwNbByuEF3
Run,Joji,Nectar,6cEgy2Sw0pQWxWxOCa89Dv
Sanctuary,Joji,Nectar,3HxpSe02QPSIQLDqT6Foj9
High Hopes (feat. Omar Apollo),"Joji, Omar Apollo",Nectar,6ObrgpMG4oDRavKdfIZFyx
NITROUS,Joji,Nectar,27fM2vCagupjsvobWsHUgb
Pretty Boy (feat. Lil Yachty),"Joji, Lil Yachty",Nectar,5XDNLG1uf1GuxVvLfGRhqO
Normal People (feat. rei brown),"Joji, rei brown",Nectar,6dZg0S14kE0UEwkexyPp5v
Afterthought,"Joji, BENEE",Nectar,75g0xZlJmJiNJbe5sp9xQK
Mr. Hollywood,Joji,Nectar,1DzMeXSxKSy6IqIR2xXbEG
777,Joji,Nectar,4tR1B9oWDnnFPvIrkqgaV2
Reanimator (feat. Yves Tumor),"Joji, Yves Tumor",Nectar,2yHls7BD2jZny6qKs1Dm8r
Like You Do,Joji,Nectar,0haqbQIGxiZxt1U9WODb9q
Your Man,Joji,Nectar,106VaijQt878C5ZZeChL6T
Glimpse of Us,Joji,SMITHEREENS,2mlNgAeIBnL78ZriXgrRHz
Feeling Like The End,Joji,SMITHEREENS,4imZDfJ9jooxgCGdx9j3bf
Die For You,Joji,SMITHEREENS,00WLowvlN5cjkYpQV6pjo4
Before The Day Is Over,Joji,SMITHEREENS,26YMMDjKKH7kAgCFEjpRkT
Dissolve,Joji,SMITHEREENS,2auDby4pkRmpD6EmHKWlhG
NIGHT RIDER,Joji,SMITHEREENS,2KFqsbztZK3J03hOcObLbG
BLAHBLAHBLAH DEMO,Joji,SMITHEREENS,7aqkklKJ0EB7IZwUEOkEHT
YUKON (INTERLUDE),Joji,SMITHEREENS,01iMj24ADbxjoOob3TBJfq
1AM FREESTYLE,Joji,SMITHEREENS,7EAQfy8KYXbx2UqNF4envA
Make Believe,Kero Kero Bonito,Time 'n' Place,2LS1T6x2O0WZUwg0wJLx84
Echoes of the Present,Kid Cudi,Free,6uTxQnxGcTUS4Po77VY80U
Neverland,Kid Cudi,Free,5PdqGt1Lentss5g56gcRJg
Mr. Miracle,Kid Cudi,Free,2NuMBPxpGMgKw54M2YepBa
Opiate,Kid Cudi,Free,3V8GKwsNK71zjWrqtTqoTl
Deep Diving,Kid Cudi,Free,26YDMYJpw4NG96qjvcZspi
Truman Show,Kid Cudi,Free,2e3pncsPY1hVBJUWqsVeM1
Submarine,Kid Cudi,Free,6Nw4uTLUORRN3dKssrLYu5
Ashes,Kid Cudi,Free,41O5JkdS8CgjHZlqjYVTHl
Grave,Kid Cudi,Free,1XGBUVN05AaKaQ6hzcvKVG
Past Life,Kid Cudi,Free,6X5XfDaweonx5mIQHZiHNB
Picnic In Paris,Kid Cudi,Free,4RF4dFRCAuWkLXIPYwRbr7
Stargazing,Kid Cudi,Free,5hSKm3XMa07Gi6mCOLktxU
Salt Water,Kid Cudi,Free,0oOSHxhfKEFai7FKFk6tOJ
Day 'N' Nite (nightmare),Kid Cudi,Man On The Moon: The End Of Day (Deluxe),5wfllwdjglyQislkskYLBv
Silk Sonic Intro,"Bruno Mars, Anderson .Paak, Silk Sonic",An Evening With Silk Sonic,4K09vJ27xCOreumtSuU6Ao
Leave The Door Open,"Bruno Mars, Anderson .Paak, Silk Sonic",An Evening With Silk Sonic,4pryE6cN2gFL1FVF5fYINl
Fly As Me,"Bruno Mars, Anderson .Paak, Silk Sonic",An Evening With Silk Sonic,7suB6D6uKX5DfPukdGaz0W
After Last Night (with Thundercat & Bootsy Collins),"Bruno Mars, Anderson .Paak, Silk Sonic, Thundercat, Bootsy Collins",An Evening With Silk Sonic,6jGAh1bFnXt1Muj9zeHveZ
Smokin Out The Window,"Bruno Mars, Anderson .Paak, Silk Sonic",An Evening With Silk Sonic,1oERlssLrpssCAY6Yqqs6c
Put On A Smile,"Bruno Mars, Anderson .Paak, Silk Sonic",An Evening With Silk Sonic,5lka5RUbLVQGO94mKAPMRO
777,"Bruno Mars, Anderson .Paak, Silk Sonic",An Evening With Silk Sonic,2K6vUau7bnZUamjbRSOOvJ
Skate,"Bruno Mars, Anderson .Paak, Silk Sonic",An Evening With Silk Sonic,3WTWh2WDk4j8GUCGj4xfOd
Love's Train,"Bruno Mars, Anderson .Paak, Silk Sonic",An Evening With Silk Sonic,2ALh2jqA7KldpHMUHvRomw
Blast Off,"Bruno Mars, Anderson .Paak, Silk Sonic",An Evening With Silk Sonic,2NqyjfDXy0XfXCSPXMsKzi
Foreword (feat. Rex Orange County),"Tyler, The Creator, Rex Orange County",Flower Boy,33i3xxHB4YSYGYbtJrwwO8
Where This Flower Blooms (feat. Frank Ocean),"Tyler, The Creator, Frank Ocean",Flower Boy,6KuXb26rHuRy3ZDse1VRmx
Sometimes...,"Tyler, The Creator",Flower Boy,4KgTrzmfiWNcVneh2Dd1Ou
See You Again (feat. Kali Uchis),"Tyler, The Creator, Kali Uchis",Flower Boy,7KA4W4McWYRpgf0fWsJZWB
Who Dat Boy (feat. A$AP Rocky),"Tyler, The Creator, A$AP Rocky",Flower Boy,21yRtB6B8EMounImAfHRCP
Pothole (feat. Jaden Smith),"Tyler, The Creator, Alexander Brettin, Jaden",Flower Boy,5SxlUF7J8tyFIEF22EomeP
Garden Shed (feat. Estelle),"Tyler, The Creator, Estelle",Flower Boy,6ACiYjq5Q7e6BlhZEHz7cd
Boredom (feat. Rex Orange County & Anna of the North),"Tyler, The Creator, Rex Orange County, Anna of the North",Flower Boy,5WNYg3usc6H8N3MBEp4zVk
I Ain't Got Time!,"Tyler, The Creator",Flower Boy,430qNtapCS3Ue1yoSql1oV
911 / Mr. Lonely (feat. Frank Ocean & Steve Lacy),"Tyler, The Creator, Frank Ocean, Steve Lacy",Flower Boy,4bEcoz1OcfMgUbp2ft8ieQ
Droppin' Seeds (feat. Lil' Wayne),"Tyler, The Creator, Lil Wayne",Flower Boy,39u2PsqrAZpZ0KPx6CjasV
November,"Tyler, The Creator",Flower Boy,4XDpeWqPADoWRKcUY3dC84
Glitter,"Tyler, The Creator",Flower Boy,0qtK3XwbuG153dmwB8iepL
"Enjoy Right Now, Today","Tyler, The Creator",Flower Boy,3R1Vu4Ws7UitwDxDHTol0P
St. Chroma (feat. Daniel Caesar),"Tyler, The Creator, Daniel Caesar",CHROMAKOPIA,1QoyuMHNBe7lg3YW4Qtll4
Rah Tah Tah,"Tyler, The Creator",CHROMAKOPIA,5RePVWy39tLpHH0WwXgBsK
Noid,"Tyler, The Creator",CHROMAKOPIA,1YdtGoSYDvVQKoUqSDXX41
"Darling, I (feat. Teezo Touchdown)","Tyler, The Creator, Teezo Touchdown",CHROMAKOPIA,0VaeksJaXy5R1nvcTMh3Xk
Hey Jane,"Tyler, The Creator",CHROMAKOPIA,3Umj02ZNl4d356pS1D38mn
I Killed You,"Tyler, The Creator",CHROMAKOPIA,3GdwjAsCsoE79ObhsJFyYb
Judge Judy,"Tyler, The Creator",CHROMAKOPIA,6ie0uyyvOKTTuIFBMPiNIl
"Sticky (feat. GloRilla, Sexyy Red & Lil Wayne)","Tyler, The Creator, GloRilla, Sexyy Red, Lil Wayne",CHROMAKOPIA,3tFed7YsjGnIfxeLEQwx3R
Take Your Mask Off (feat. Daniel Caesar & LaToiya Williams),"Tyler, The Creator, Daniel Caesar, LaToiya Williams",CHROMAKOPIA,4BSR9I4ExlCJdXJo2GpBD5
Tomorrow,"Tyler, The Creator",CHROMAKOPIA,3yw3m8wgRB4ptDyAvtdhq5
Thought I Was Dead (feat. ScHoolboy Q & Santigold),"Tyler, The Creator, ScHoolboy Q, Santigold",CHROMAKOPIA,2aYHxnMF2umAavtgBvmkY1
Like Him (feat. Lola Young),"Tyler, The Creator, Lola Young",CHROMAKOPIA,6jbYpRPTEFl1HFKHk1IC0m
Balloon (feat. Doechii),"Tyler, The Creator, Doechii",CHROMAKOPIA,35D1RA5uVFVhMc1qX80TaQ
I Hope You Find Your Way Home,"Tyler, The Creator",CHROMAKOPIA,0pvZCv4JOS5WBu7JITYef6
IGOR'S THEME,"Tyler, The Creator",IGOR,51RN0kzWd7xeR4th5HsEtW
EARFQUAKE,"Tyler, The Creator",IGOR,5hVghJ4KaYES3BFUATCYn0
I THINK,"Tyler, The Creator",IGOR,4f8Mh5wuWHOsfXtzjrJB3t
EXACTLY WHAT YOU RUN FROM YOU END UP CHASING,"Tyler, The Creator",IGOR,5e4LIAQI0bClLazNf2gZV0
RUNNING OUT OF TIME,"Tyler, The Creator",IGOR,5QvBXUm5MglLJ3iBfTX2Wo
NEW MAGIC WAND,"Tyler, The Creator",IGOR,0fv2KH6hac06J86hBUTcSf
A BOY IS A GUN*,"Tyler, The Creator",IGOR,1nXZnTALNXiPlvXotqHm66
PUPPET,"Tyler, The Creator",IGOR,0wEC0GNF74lAqrEFZJMl1m
WHAT'S GOOD,"Tyler, The Creator",IGOR,6bOkaEXc5CopinGazSLokx
"GONE, GONE / THANK YOU","Tyler, The Creator",IGOR,1hz7SRTGUNAtIQ46qiNv2p
I DON'T LOVE YOU ANYMORE,"Tyler, The Creator",IGOR,5A0M6B0RBSXSNWv0wcppZ9
ARE WE STILL FRIENDS?,"Tyler, The Creator",IGOR,5TxRUOsGeWeRl3xOML59Ai
Big Poe (feat. Sk8brd),"Tyler, The Creator, Pharrell Williams",DON'T TAP THE GLASS,4sLvxpKLvagQ4lZHUpymza
Sugar On My Tongue,"Tyler, The Creator",DON'T TAP THE GLASS,6xV7Be6XEvkSnighmh2Tzj
Sucka Free,"Tyler, The Creator",DON'T TAP THE GLASS,7DIMKlmJ0CL6eROkbptoqi
Mommanem,"Tyler, The Creator",DON'T TAP THE GLASS,3WgFhZfyk5nb6v7hkwPmD4
Stop Playing With Me,"Tyler, The Creator",DON'T TAP THE GLASS,1IF3hx6HU46Pitm0dOdVJO
Ring Ring Ring,"Tyler, The Creator",DON'T TAP THE GLASS,1lTqq0aC6r2bXLviQ3oaVt
Don't Tap That Glass / Tweakin',"Tyler, The Creator",DON'T TAP THE GLASS,5DRS7YEe1bwGJLDGviT3CD
Don't You Worry Baby (feat. Madison McFerrin),"Tyler, The Creator, Madison McFerrin",DON'T TAP THE GLASS,45mVT3DCE7AATXgESSdfee
I'll Take Care of You (feat. Yebba),"Tyler, The Creator, Yebba",DON'T TAP THE GLASS,4waPZF96vX1Oz5pzH6dB0h
Tell Me What It Is,"Tyler, The Creator",DON'T TAP THE GLASS,4UddKz4WBKn5b9tDB6tq2L
24K Magic,Bruno Mars,24K Magic,6b8Be6ljOzmkOmFslEb23P
Chunky,Bruno Mars,24K Magic,0mBKv9DkYfQHjdMcw2jdyI
Perm,Bruno Mars,24K Magic,1I6pKIyaBp4OebTGLJpCCC
That's What I Like,Bruno Mars,24K Magic,0KKkJNfGyhkQ5aFogxQAPU
Versace on the Floor,Bruno Mars,24K Magic,0kN8xEmgMW9mh7UmDYHlJP
Straight up & Down,Bruno Mars,24K Magic,2mrZYZGmPFV3QOyYPZ1zsn
Calling All My Lovelies,Bruno Mars,24K Magic,6ObpR8ek44tvWefQRcSo8K
Finesse,Bruno Mars,24K Magic,5XMkENs3GfeRza8MfVAhjK
Too Good to Say Goodbye,Bruno Mars,24K Magic,0B0tYbVp7pDQAqKDhgMeaL
Rapp Snitch Knishes,"MF DOOM, Mr. Fantastik",MM..FOOD,5KUNwkaNf8l5A9sXZhiCgI
Lockjaw,"King Geedorah, Trunks",Take Me To Your Leader,6K6rqLZ7PBDx3PNA4snQzK
Intro,Gorillaz,Demon Days,2zavoMfVVPJMikH57fd8yK
Last Living Souls,Gorillaz,Demon Days,7JzmCjvB6bk48JghLyrg8N
Kids with Guns,"Gorillaz, Neneh Cherry",Demon Days,0eEgMbSzOHmkOeVuNC3E0k
O Green World,Gorillaz,Demon Days,4hNPMfFHauPIbOKvdYqFt7
Dirty Harry (feat. Bootie Brown),"Gorillaz, Bootie Brown",Demon Days,2bfGNzdiRa1jXZRdfssSzR
Feel Good Inc.,"Gorillaz, De La Soul",Demon Days,0d28khcov6AiegSCpG5TuT
El Mañana,Gorillaz,Demon Days,0dcMqjeDpwqB2xhzMsld0p
Every Planet We Reach Is Dead,Gorillaz,Demon Days,2pw9RZWZibttZzoFhwjuy6
November Has Come,"Gorillaz, MF DOOM",Demon Days,6lrDckuosGpwEHtm1hHBcf
All Alone,"Gorillaz, Martina Topley-Bird, Roots Manuva",Demon Days,76Ug1q4l6rGwJ2ubV5wh3X
White Light,Gorillaz,Demon Days,7hnW9af7GuGH5lyUUTa8UH
DARE (feat. Shaun Ryder & Roses Gabor),"Gorillaz, Shaun Ryder, Roses Gabor",Demon Days,4Hff1IjRbLGeLgFgxvHflk
Fire Coming out of the Monkey's Head,Gorillaz,Demon Days,1S9tfxdFr4TqoqA14gnKj3
Don't Get Lost in Heaven,Gorillaz,Demon Days,4hjGZN8poACfjWCK3Og6vY
Demon Days,Gorillaz,Demon Days,2k6hpKTyubRVOmQR11ViY3
Orchestral Intro (feat. Sinfonia ViVA),"Gorillaz, Sinfonia ViVa",Plastic Beach,3s2f6XU5sJ6aqEe7GgDBta
Welcome to the World of the Plastic Beach (feat. Snoop Dogg and Hypnotic Brass Ensemble),"Gorillaz, Hypnotic Brass Ensemble, Snoop Dogg",Plastic Beach,46WOptLnXUtH3LOyYvmMO1
"White Flag (feat. Bashy, Kano and the National Orchestra for Arabic Music)","Gorillaz, Bashy, Kano, The National Orchestra for Arabic Music",Plastic Beach,3famfyGuWw5QFcVO5Xk1uW
Rhinestone Eyes,Gorillaz,Plastic Beach,1foMv2HQwfQ2vntFf9HFeG
Stylo (feat. Mos Def and Bobby Womack),"Gorillaz, Bobby Womack, Mos Def",Plastic Beach,6LUfuyLgvgqrykiTE6sJHY
Superfast Jellyfish (feat. Gruff Rhys and De La Soul),"Gorillaz, Gruff Rhys, De La Soul",Plastic Beach,1UJNbgfTzG1gZZTWFJdMf1
Empire Ants (feat. Little Dragon),"Gorillaz, Little Dragon",Plastic Beach,3a6PN6BRB8PP3ms48s7kU1
Glitter Freeze (feat. Mark E Smith),"Gorillaz, Mark E. Smith",Plastic Beach,4EJFCpthcrP6oOUUXQZ22Z
Some Kind of Nature (feat. Lou Reed),"Gorillaz, Lou Reed",Plastic Beach,4M88Wd7Aps5LGRWMOC7gSH
On Melancholy Hill,Gorillaz,Plastic Beach,0q6LuUqGLUiCPP1cbdwFs3
Broken,Gorillaz,Plastic Beach,3THFKx88trZuOFlssVLJ5G
Sweepstakes (feat. Mos Def and Hypnotic Brass Ensemble),"Gorillaz, Hypnotic Brass Ensemble, Mos Def",Plastic Beach,5SM5amC17V4itA5jxIICjS
Plastic Beach (feat. Mick Jones and Paul Simonon),"Gorillaz, Mick Jones, Paul Simonon",Plastic Beach,2nZ33CKRbgpJQJJQKHuGXb
To Binge (feat. Little Dragon),"Gorillaz, Little Dragon",Plastic Beach,1dvOwoHwZB9SwvRw2Gv3nz
Cloud of Unknowing (feat. Bobby Womack and Sinfonia ViVA),"Gorillaz, Bobby Womack, Sinfonia ViVa",Plastic Beach,0NDOVMOT6ah2k6HuXLrq5x
Pirate Jet,Gorillaz,Plastic Beach,0xSF7iHZQxaZYMAiBfobms
The God of Lying (feat. IDLES),"Gorillaz, IDLES",The Mountain,5nrbuDZe5Hod1nUsND6QUA
HYAENA,Travis Scott,UTOPIA,0hL9gOw6XBWsygEUcVjxEc
THANK GOD,Travis Scott,UTOPIA,1PH2MDbcBAU094DlgTIND1
MODERN JAM (feat. Teezo Touchdown),"Travis Scott, Teezo Touchdown",UTOPIA,3KCNiDi9Pza6ZD8FggNoaw
MY EYES,Travis Scott,UTOPIA,4kjI1gwQZRKNDkw1nI475M
GOD'S COUNTRY,Travis Scott,UTOPIA,04WxWo7XeVyx22xEsrWRUb
SIRENS,Travis Scott,UTOPIA,7LSpFCvRZZot2AlmkUzy9k
MELTDOWN (feat. Drake),"Travis Scott, Drake",UTOPIA,67nepsnrcZkowTxMWigSbb
FE!N (feat. Playboi Carti),"Travis Scott, Playboi Carti",UTOPIA,42VsgItocQwOQC3XWZ8JNA
DELRESTO (ECHOES) (feat. Beyoncé),"Travis Scott, Beyoncé",UTOPIA,0OEe83mMZ5kaNw5uZQ7ilG
I KNOW ?,Travis Scott,UTOPIA,6wsqVwoiVH2kde4k4KKAFU
TOPIA TWINS (feat. Rob49 & 21 Savage),"Travis Scott, Rob49, 21 Savage",UTOPIA,0lodMO0qK83vfPiiD7FMEt
CIRCUS MAXIMUS (feat. The Weeknd & Swae Lee),"Travis Scott, The Weeknd, Swae Lee",UTOPIA,4GL9GMX9t7Qkprvf1YighZ
PARASAIL (feat. Yung Lean & Dave Chappelle),"Travis Scott, Yung Lean, Dave Chappelle",UTOPIA,2Q0aElTZQtEUsoiaQfizu6
SKITZO (feat. Young Thug),"Travis Scott, Young Thug",UTOPIA,0bkV1iQHSxBaksUqgEkcbc
LOST FOREVER (feat. Westside Gunn),"Travis Scott, Westside Gunn",UTOPIA,7EiUtdeoWcKqLi5ELZCjYf
LOOOVE (feat. Kid Cudi),"Travis Scott, Kid Cudi",UTOPIA,0a4SMs889NwP8oWI7Vemle
K-POP (feat. Bad Bunny & The Weeknd),"Travis Scott, Bad Bunny, The Weeknd",UTOPIA,4o82J5zr4DFEs9yj5szCVX
TELEKINESIS (feat. SZA & Future),"Travis Scott, SZA, Future",UTOPIA,1i9lZvlaDdWDPyXEE95aiq
TIL FURTHER NOTICE (feat. James Blake & 21 Savage),"Travis Scott, James Blake, 21 Savage",UTOPIA,76gcXhY3Zv6wW0BTe9nHJo
drive ME crazy!,"Lil Yachty, Diana Gordon",Let’s Start Here.,6luBKkFUt5wTwz7hpLhp12
BANDIT,Don Toliver,HARDSTONE PSYCHO,4Zu3P22LxNRhCi7FiLsQ53
Ni**as In Paris,"JAŸ-Z, Kanye West",Watch The Throne,1auxYwYrFRqZP7t3s7w4um
TORE UP,Don Toliver,HARDSTONE PSYCHO,6oTZCn2Wp55AbjcmhkiOfk
H3@RT$ W3RE M3@NT T0 F7¥,Childish Gambino,Bando Stone and The New World,7yr9auCsJO1qOQi43kED7N
Lithonia,Childish Gambino,Bando Stone and The New World,3uC4r2daXertBxxc8BpbbN
Survive (feat. Chlöe),"Childish Gambino, Chlöe",Bando Stone and The New World,2UIraNrjFYMnu1HI15QR4S
Steps Beach,Childish Gambino,Bando Stone and The New World,4lovbNtAeIxtXWy9bwEsQk
Talk My Shit (feat. Amaarae & Flo Milli),"Childish Gambino, Amaarae, Flo Milli",Bando Stone and The New World,09imUl1oyaB2R86qBgEhCN
Got To Be,Childish Gambino,Bando Stone and The New World,4p2HhC8KX8pGLyNDQ0Ednd
Real Love,Childish Gambino,Bando Stone and The New World,17L09JJ5W7F5ou68mcAeMJ
In The Night (feat. Jorja Smith & Amaarae),"Childish Gambino, Jorja Smith, Amaarae",Bando Stone and The New World,11bJ1ws3dathgY9uzADUhL
Yoshinoya,Childish Gambino,Bando Stone and The New World,2pNYM3OcS7WdCW13TuhMeK
Can You Feel Me (feat. Legend),"Childish Gambino, Legend",Bando Stone and The New World,6FQlvBbMADksaic1zeLnm7
No Excuses (feat. Ludwig Göransson & Kamasi Washington),"Childish Gambino, Ludwig Göransson, Kamasi Washington",Bando Stone and The New World,61wsDs3Dbb11h1m2tw9eMZ
Cruisin' (feat. Yeat),"Childish Gambino, Yeat",Bando Stone and The New World,1CJO1NdPdtnkJBrEx6As65
We Are God,Childish Gambino,Bando Stone and The New World,50YZAls4cS1sZxvWxCTh3y
Running Around (feat. Fousheé),"Childish Gambino, Fousheé",Bando Stone and The New World,7ltvxs2OBCccy0p7Ka4PIj
Dadvocate,Childish Gambino,Bando Stone and The New World,5uRTAG2Fs6rQt41HwaIx53
Happy Survival (feat. Khruangbin),"Childish Gambino, Khruangbin",Bando Stone and The New World,0Ck3kW2KiRLjMOGiKzW3la
A Place Where Love Goes,Childish Gambino,Bando Stone and The New World,0oVBkJA2wrSqrwz3eJ6c85
Me and Your Mama,Childish Gambino," Awaken, My Love! ",0NkkbKSzQ50mAoSUbQpgLw
Have Some Love,Childish Gambino," Awaken, My Love! ",4l5ioHe897vm5VZa242bvK
Boogieman,Childish Gambino," Awaken, My Love! ",1BO2XRaBKzRxdFTA9Uu4fP
Zombies,Childish Gambino," Awaken, My Love! ",6tyS9WO74s7Q1fvyNaiQxN
Riot,Childish Gambino," Awaken, My Love! ",64HVhNulgXVUhlDh2wQPiW
Redbone,Childish Gambino," Awaken, My Love! ",3vQ4T78TTMOjQXGfXVKQJo
California,Childish Gambino," Awaken, My Love! ",4DIEa7hkjMrXZrFduR8Yhy
Terrified,Childish Gambino," Awaken, My Love! ",1YtL1zAWrSxpZUOqfmPbc5
Baby Boy,Childish Gambino," Awaken, My Love! ",3icv5yfawQSwRPwVvBdHas
The Night Me and Your Mama Met,Childish Gambino," Awaken, My Love! ",2EBhNNIqdbejkNqqOnok4c
Stand Tall,Childish Gambino," Awaken, My Love! ",0LZguZAhdvKzUC9Qlt67EM
BLOOD.,Kendrick Lamar,DAMN.,1n4jwRVXdkK2U34nBDUKKT
DNA.,Kendrick Lamar,DAMN.,6HZILIRieu8S0iqY8kIKhj
YAH.,Kendrick Lamar,DAMN.,4BHSjbYylfOH5WAGusDyni
ELEMENT.,Kendrick Lamar,DAMN.,1EaKU4dMbesXXd3BrLCtYG
FEEL.,Kendrick Lamar,DAMN.,2LTlO3NuNVN70lp2ZbVswF
LOYALTY. FEAT. RIHANNA.,"Kendrick Lamar, Rihanna",DAMN.,6SwRhMLwNqEi6alNPVG00n
PRIDE.,Kendrick Lamar,DAMN.,6IZvVAP7VPPnsGX6bvgkqg
HUMBLE.,Kendrick Lamar,DAMN.,7KXjTSCq5nL1LoYtL7XAwS
LUST.,Kendrick Lamar,DAMN.,06FCvd7rrRcF3DdvWH5Isp
LOVE. FEAT. ZACARI.,"Kendrick Lamar, Zacari",DAMN.,6PGoSes0D9eUDeeAafB2As
XXX. FEAT. U2.,"Kendrick Lamar, U2",DAMN.,4iYRa2btalAzPZoSYfROqF
FEAR.,Kendrick Lamar,DAMN.,23luOrEVHMfoX0AhfbQuS6
GOD.,Kendrick Lamar,DAMN.,5p3NP9mQblDsVJLdfNZJ3I
DUCKWORTH.,Kendrick Lamar,DAMN.,0y9uTzK9cNKSAEHnpeRG8C
wacced out murals,Kendrick Lamar,GNX,5gOfC9UzZQzTyShqPMrpjT
squabble up,Kendrick Lamar,GNX,0nj9Bq5sHDiTxSHunhgkFb
luther (with sza),"Kendrick Lamar, SZA",GNX,45J4avUb9Ni0bnETYaYFVJ
man at the garden,Kendrick Lamar,GNX,5ho7VSXSmI2KM2nDjcnLyz
hey now (feat. dody6),"Kendrick Lamar, Dody6",GNX,5S8VwnB4sLi6W0lYTWYylu
reincarnated,Kendrick Lamar,GNX,0RgjEkSbeuStKfT2Pa4Zai
tv off (feat. lefty gunplay),"Kendrick Lamar, Lefty Gunplay",GNX,0aB0v4027ukVziUGwVGYpG
"dodger blue (feat. wallie the sensei, siete7x, roddy ricch)","Kendrick Lamar, Wallie the Sensei, Siete7x, Roddy Ricch",GNX,4K1Pg0FLno1ltzX3jeqT83
peekaboo (feat. azchike),"Kendrick Lamar, AZ Chike",GNX,2Uts1QFB4u2YNIMiqcb4de
heart pt. 6,Kendrick Lamar,GNX,1SGvjfc85yzqKXsfKcCxn2
"gnx (feat. hitta j3, youngthreat, peysoh)","Kendrick Lamar, Hitta J3, YoungThreat, Peysoh",GNX,3aZptNYC6Z1YoumeqZcDcQ
gloria (with sza),"Kendrick Lamar, SZA",GNX,0wgOhYnqZKjOHr6bmdz0aN
Wesley's Theory,"Kendrick Lamar, George Clinton, Thundercat",To Pimp A Butterfly,7Ks4VCY1wFebnOdJrM13t6
For Free? - Interlude,Kendrick Lamar,To Pimp A Butterfly,75izAeHlGuOgA865CFDyIv
King Kunta,Kendrick Lamar,To Pimp A Butterfly,0N3W5peJUQtI4eyR6GJT5O
Institutionalized,"Kendrick Lamar, Bilal, Anna Wise, Snoop Dogg",To Pimp A Butterfly,4oFtLSgHyZPNYDCcANhTnO
These Walls,"Kendrick Lamar, Bilal, Anna Wise, Thundercat",To Pimp A Butterfly,7uWVT3UkCAZyANvv0bdyQn
u,Kendrick Lamar,To Pimp A Butterfly,1bxEpNR75Hq3T2oF9AZjt8
Alright,Kendrick Lamar,To Pimp A Butterfly,3iVcZ5G6tvkXZkZKlMpIUs
For Sale? - Interlude,Kendrick Lamar,To Pimp A Butterfly,7unx2Rvsq8D0RfOLRXclTA
Momma,Kendrick Lamar,To Pimp A Butterfly,0CjJqkWOpIUXdem5hUcxAk
Hood Politics,Kendrick Lamar,To Pimp A Butterfly,2UOYzhusMTypF7oAQwksCj
How Much A Dollar Cost,"Kendrick Lamar, James Fauntleroy, Ronald Isley",To Pimp A Butterfly,4tQcyj5488alHT1ZgFduzn
Complexion (A Zulu Love),"Kendrick Lamar, Rapsody",To Pimp A Butterfly,72hFOhhhnOJZnnp6uVOgPn
The Blacker The Berry,Kendrick Lamar,To Pimp A Butterfly,5Mtt6tZSZA9cXTHGSGpyh0
You Ain't Gotta Lie (Momma Said),Kendrick Lamar,To Pimp A Butterfly,7A3ETuOrieyx9KSF0sn0Zf
i,Kendrick Lamar,To Pimp A Butterfly,3ODXRUPL44f04cCacwiCLC
Mortal Man,Kendrick Lamar,To Pimp A Butterfly,1WT11QmhZutciEv1NsHt1R
My Old Man,Mac DeMarco,This Old Dog,4ewRM5SP4YhmlfKhi5uSjS
This Old Dog,Mac DeMarco,This Old Dog,2RwOqicYzwMSuzKzHx78jm
Baby You're Out,Mac DeMarco,This Old Dog,6IvKEu4YwRYba9ZG6H7MIL
For the First Time,Mac DeMarco,This Old Dog,2R4AlwtrrkMaRKojcTIzmL
One Another,Mac DeMarco,This Old Dog,5gC8P6NwgqxcTYnwml5q5j
Still Beating,Mac DeMarco,This Old Dog,4LpUpiYoZ2M3Z1kmhn4EQo
Sister,Mac DeMarco,This Old Dog,5KW11tUGHVDBbyoPuqG4U9
Dreams from Yesterday,Mac DeMarco,This Old Dog,49iNhnDmNnHYxPvEIVtPiN
A Wolf Who Wears Sheeps Clothes,Mac DeMarco,This Old Dog,5Bc2A2xlkRhe3POKAFo1Rg
One More Love Song,Mac DeMarco,This Old Dog,0v8J17a6cO0wWp7z731GTd
On the Level,Mac DeMarco,This Old Dog,4RpwQDPnn1GhWpZooUcCzd
Moonlight on the River,Mac DeMarco,This Old Dog,2fhOljbX79loRcdl47SFye
Watching Him Fade Away,Mac DeMarco,This Old Dog,2QzKAF0y1BQhxwg8N05Uog
Grenade,Bruno Mars,Doo-Wops & Hooligans,2kXzKG2G7sJdSiGbQoVSR3
Just the Way You Are,Bruno Mars,Doo-Wops & Hooligans,7fq3UA400281mZWt0CaAzg
Our First Time,Bruno Mars,Doo-Wops & Hooligans,6soHeRiFHmsrXTmBXQyM80
Runaway Baby,Bruno Mars,Doo-Wops & Hooligans,7uCNfdvbvlJpb5ZzKENJPW
The Lazy Song,Bruno Mars,Doo-Wops & Hooligans,5jDbytR7OZhR1rIY3kypPQ
Marry You,Bruno Mars,Doo-Wops & Hooligans,3lzz9rlIb4Ye5A3x1o3dhd
Talking to the Moon,Bruno Mars,Doo-Wops & Hooligans,1W6H5eBvjR9PE34j6h0ao5
Liquor Store Blues (feat. Damian Marley),"Bruno Mars, Damian Marley",Doo-Wops & Hooligans,7e7CML1Xr6jdXsGmJ7xCVu
Count on Me,Bruno Mars,Doo-Wops & Hooligans,1fjlDyRyk0CLbFJkVvXjYb
The Other Side (feat. CeeLo Green and B.o.B),"Bruno Mars, B.o.B, CeeLo Green",Doo-Wops & Hooligans,7chsNWUBPFhUinB79CmG78
Somewhere in Brooklyn,Bruno Mars,Doo-Wops & Hooligans,3BOaRW0hKaOw5RcvA7GtTU
Talking to the Moon - Acoustic Piano,Bruno Mars,Doo-Wops & Hooligans,5qEoxSfL3vaSQ0IvZcTPtr
Crazy Dave (Intro Theme),Laura Shigihara,Plants Vs. Zombies (Original Video Game Soundtrack),2tQ7nWlY10hylhnoVH9hzG
Choose Your Seeds,Laura Shigihara,Plants Vs. Zombies (Original Video Game Soundtrack),3FKklWRGMh5TFR7mO4rI9Y
Grasswalk,Laura Shigihara,Plants Vs. Zombies (Original Video Game Soundtrack),0tbTGiOldZL07D2fkzCDTP
Loonboon,Laura Shigihara,Plants Vs. Zombies (Original Video Game Soundtrack),5ExE1x7WIIsb159d2cZ0Z2
Moongrains,Laura Shigihara,Plants Vs. Zombies (Original Video Game Soundtrack),3MP6fAKlFZJvbVnk9Ziw2H
Zen Garden,Laura Shigihara,Plants Vs. Zombies (Original Video Game Soundtrack),3ylrCkU7BD4N7SNegCRRXY
Watery Graves - Slow Version,Laura Shigihara,Plants Vs. Zombies (Original Video Game Soundtrack),2dKKkIcYlAIdtFBKe9UeyP
Watery Graves - Fast Version,Laura Shigihara,Plants Vs. Zombies (Original Video Game Soundtrack),5ozY6y1yJSUFokj9IYVn3y
Ultimate Battle,Laura Shigihara,Plants Vs. Zombies (Original Video Game Soundtrack),3UMaUoxXIjJUAb3MPjn5e2
Rigor Mormist,Laura Shigihara,Plants Vs. Zombies (Original Video Game Soundtrack),0HpyqkpkXeXTkKUVB1WwCu
Cerebrawl,Laura Shigihara,Plants Vs. Zombies (Original Video Game Soundtrack),7hjygp9ckC3snkqNUQu1F0
Graze the Roof,Laura Shigihara,Plants Vs. Zombies (Original Video Game Soundtrack),78sRnSDYbNMAcAh6lX1yG6
Brainiac Maniac,Laura Shigihara,Plants Vs. Zombies (Original Video Game Soundtrack),5BqfEENxjw3hgvYu5KcO9X
Zombies on Your Lawn,Laura Shigihara,Plants Vs. Zombies (Original Video Game Soundtrack),4xAoWpiEREH6iMffSDTqTh
Zombotany (Bonus Track),Laura Shigihara,Plants Vs. Zombies (Original Video Game Soundtrack),2EV2d3nyB30ZKWs2TT6RDG
Uraniwa Ni Zombies Ga!,Laura Shigihara,Plants Vs. Zombies (Original Video Game Soundtrack),0UAdXiqpR4s7tuCydrlsTd
Crazy Dave (In-Game),Laura Shigihara,Plants Vs. Zombies (Original Video Game Soundtrack),4aWfRnejAFThzAPlcFKS7y
Choose Your Seeds (In-Game),Laura Shigihara,Plants Vs. Zombies (Original Video Game Soundtrack),014sCCV64c51XhS1Meb8XR
Grasswalk (In-Game),Laura Shigihara,Plants Vs. Zombies (Original Video Game Soundtrack),3eRiiItZ4wOBH2rgpU3ucu
Loonboon (In-Game),Laura Shigihara,Plants Vs. Zombies (Original Video Game Soundtrack),36OTrOxvVDK9jwkLdwr8VB
Moongrains (In-Game),Laura Shigihara,Plants Vs. Zombies (Original Video Game Soundtrack),6RzdHkKCvlCbHTFBmyIsns
Zen Garden (In-Game),Laura Shigihara,Plants Vs. Zombies (Original Video Game Soundtrack),3UJAy6NEcGFbza1cc5nr5H
Watery Graves (In-Game),Laura Shigihara,Plants Vs. Zombies (Original Video Game Soundtrack),5fdf8zMkmuIRdw7QbQ17e1
Ultimate Battle (In-Game),Laura Shigihara,Plants Vs. Zombies (Original Video Game Soundtrack),6d9Xmoy9n2pOe31PwVNGGR
Rigor Mormist (In-Game),Laura Shigihara,Plants Vs. Zombies (Original Video Game Soundtrack),47MONcnxnFM1cxzlI6zOfN
Cerebrawl (In-Game),Laura Shigihara,Plants Vs. Zombies (Original Video Game Soundtrack),6dGf14OD60fLKlUfLKfe2j
Graze the Roof (In-Game),Laura Shigihara,Plants Vs. Zombies (Original Video Game Soundtrack),1zOzvy6SeVJs2MEET7vyCW
Brainiac Maniac (In-Game),Laura Shigihara,Plants Vs. Zombies (Original Video Game Soundtrack),1uuZLv0qnH5poaAo2wC0Il
Once Upon a Time,Toby Fox,UNDERTALE Soundtrack,4XX5uZb9PvTKh8Nm2KSJfk
Fallen Down,Toby Fox,UNDERTALE Soundtrack,1jDMi92a9zNQuPD3uPMkla
Ruins,Toby Fox,UNDERTALE Soundtrack,1vuSdk2EGjh3eXCXBbT9Qf
Ghost Fight,Toby Fox,UNDERTALE Soundtrack,36AhCvv8NAVPr0eNsv2PrW
Determination,Toby Fox,UNDERTALE Soundtrack,3KHbBpwYdlM6uKJirvCrEA
Home (Music Box),Toby Fox,UNDERTALE Soundtrack,1DkjqnjgbbpT7cYL2D2ma4
Undyne,Toby Fox,UNDERTALE Soundtrack,1MoAGaJNyPwaLSB6iTLNg1
Dummy!,Toby Fox,UNDERTALE Soundtrack,6ZEenbPqCbKxPmu49taU8u
Temmie Village,Toby Fox,UNDERTALE Soundtrack,7ym2c9z3JgkXVEQDk0sKn8
Tem Shop,Toby Fox,UNDERTALE Soundtrack,3SVrOYdMaqeW56eHfw7ScX
Metal Crusher,Toby Fox,UNDERTALE Soundtrack,6ZT36tXEKY2vvTCuNK4fi1
Spider Dance,Toby Fox,UNDERTALE Soundtrack,3aiGshuqYhdBBBhHqRf6jn
Death By Glamour,Toby Fox,UNDERTALE Soundtrack,7BGZ27yeaKR5OZOIxyegZi
Undertale,Toby Fox,UNDERTALE Soundtrack,2FZ99j224ohiGLavqjijza
ASGORE,Toby Fox,UNDERTALE Soundtrack,0ybMBs8mKdAP9WSnFTiZvs
Wasting Away,Fyllis,Wasting Away,1dhuyLllzY1pP15ZctcIUx
Caught You Looking At Me,Fyllis,Caught You Looking At Me,6nLb89yGdmykDF1BWy8QVO
A Different Kind of Life,Fyllis,A Different Kind of Life,1zz30xo7GkIPbGdxDQhIrl
Wish I Could Tell You,Fyllis,Wish I Could Tell You,0Im2R4dOxPxpRrf9atYnSZ
John Lennon,Fyllis,John Lennon,4fbaN5XzPsiqdgFQV9Ucr3
Kill Bill,SZA,SOS,1Qrg8KqiBpW07V7PNxwwwL
Diamonds,Rihanna,Diamonds,65YsalQBmQCzIPaay72CzQ
Ho Hey,The Lumineers,The Lumineers,5BSndweF91KDqyxANsZcQH
Locked out of Heaven,Bruno Mars,Locked out of Heaven,5PsMbxhgWpJMsouEfDTX6r
See You Again (feat. Charlie Puth),"Wiz Khalifa, Charlie Puth",See You Again (feat. Charlie Puth),7wqSzGeodspE3V6RBD5W8L
One More Night,Maroon 5,One More Night,3wJIAMuPdEoBddWlovWXCX
Stereo Hearts (feat. Adam Levine),"Gym Class Heroes, Adam Levine",Stereo Hearts (feat. Adam Levine),0BgRaFy7qnwT1PuUmSTFkf
We R Who We R,Kesha,We R Who We R,5jaz6aiRknA63NIYWdbr2O
Firework,Katy Perry,Teenage Dream,1mXuMM6zjPgjL4asbBsgnt
Cupid's Chokehold / Breakfast in America,Gym Class Heroes,The Papercut Chronicles,2Lhdl74nwwVGOE2Gv35QuK
Thrift Shop (feat. Wanz),"Macklemore & Ryan Lewis, Macklemore, Ryan Lewis, Wanz",Thrift Shop (feat. Wanz),1CmUZGtH29Kx36C1Hleqlz
Where Are Ü Now (with Justin Bieber),"Jack Ü, Skrillex, Diplo, Justin Bieber",Skrillex and Diplo present Jack Ü,66hayvUbTotekKU3H4ta1f
OMG,"USHER, will.i.am",Raymond v Raymond,3r04p85xiJh9Wqk59YDYdc
Come My Way,"Sơn Tùng M-TP, Tyga",Come My Way,7326q9PcJDcKuAFcrSkN0t
Timber,"Pitbull, Kesha",Global Warming: Meltdown (Deluxe Version),3cHyrEgdyYRjgJKSOiOtcS
Summer,Calvin Harris,Motion,6YUTL4dYpB9xZO5qExPf05
Real Hip Hop,PolitikZ,Real Hip Hop,1hDriuwXylL2TY2RABdPHp
Mangos - Tiktok Version,"LDRR, LAS CANCIONES DE ALFREDO LARIN",Mangos (Tiktok Version),1wD755PZiaAhiCOgvFLGq6
Grenade,Bruno Mars,2010 Pop Hits,4o4tXGcqruxDg4b38TEJyO
Replay,Iyaz,2010 Pop Hits,0lxmUhuyf3PIGkwuiOEdHq
Airplanes (feat. Hayley Williams of Paramore),"B.o.B, Hayley Williams",2010 Pop Hits,5lZks3EtVFq1aojcEXskCN
Get Outta My Way,Kylie Minogue,2010 Pop Hits,2xtj76tpMEdRnS9HG3WIzO
Tighten Up,The Black Keys,2010 Pop Hits,2gFaBlng7q4iRktXiMB1qP
Ridin' Solo,Jason Derulo,2010 Pop Hits,2chab00H0Tpi5Nl9N8mwAN
Forget You,CeeLo Green,2010 Pop Hits,1ZWY3uTYIaRl7Dnvdg9R9G
Dance Yrself Clean,LCD Soundsystem,2010 Pop Hits,1TIpX6XgCQliw02KYLXHfQ
Pack Up,Eliza Doolittle,2010 Pop Hits,70Qf01K9IFxP3XcyucWQsk
She Said,Plan B,2010 Pop Hits,68aDUWqGTs9pBHvc47ghwh
Pass Out,Tinie Tempah,2010 Pop Hits,2nQzwpOxCJ6zIiR75KlFS8
Opposite of Adults,Chiddy Bang,2010 Pop Hits,7CKkTiaOXLNCGwbRqxupLs
Cold War,Janelle Monáe,2010 Pop Hits,0raKCZ8LIb4z5Lek7HQaw1
On Melancholy Hill,Gorillaz,2010 Pop Hits,5OlyMAGGlL5lefrzQQtzIn
My First Kiss (feat. Ke$ha),"3OH!3, Kesha",2010 Pop Hits,6wZYWlYaAKe4qJUSSoBpQT
Can't Be Friends,Trey Songz,2010 Pop Hits,6LRtDf5phRnUlc2fr6PLM9
Dirty Talk,Wynter Gordon,2010 Pop Hits,1tWwCI7EeQFWotYCizA5dN
Many of Horror,Biffy Clyro,2010 Pop Hits,1mZP9Xcvw4JjedvY7T8VFL
I Am Not a Robot,Marina and The Diamonds,2010 Pop Hits,49hKPSqUmpg9rfOJwFbKpt
Billionaire (feat. Bruno Mars),"Travie McCoy, Bruno Mars",2010 Pop Hits,0N5YFeKfhgWPtJuflVGwut
"Turn Around (5,4,3,2,1)",Flo Rida,2010 Pop Hits,5xT0HOFm64j4TAUfksC3HK
Blackbird,Rumer,2010 Pop Hits,3WRVaqBt6Ah9xY29jfOrzc
Dangerous,James Blunt,2010 Pop Hits,5W2lzs5d0gO43l0ERg31ho
Nothin' on You (feat. Bruno Mars),"B.o.B, Bruno Mars",2010 Pop Hits,2nHwdaKGCjY6RFMoolDv6U
Waiting for the End,Linkin Park,2010 Pop Hits,5jm8NqUBCuKQUq5gOAp5vA
Finding My Way Back,Jaheim,2010 Pop Hits,0wxF1HFCVd0iji2L9pioxF
Can't Afford to Love You,Blake Shelton,2010 Pop Hits,6TvwObocdaeBduiD4ixn2k
Just the Way You Are,Bruno Mars,2010 Pop Hits,3FpHx18YRG7BhrSjIwoao7
The One That Got Away,Katy Perry,2010s Pop Hits,6bDG5jKp2mj5ApfWYgK99z
Royals,Lorde,2010s Pop Hits,2kZBzzsBnI4kClcAFVABZa
I Took A Pill In Ibiza - Seeb Remix,"Mike Posner, Seeb",2010s Pop Hits,5Q9xVhQMu15rsgsh6RbUHQ
Me And My Broken Heart,Rixton,2010s Pop Hits,4fOKRLi0q6qcRidb5G03IB
Everybody Talks,Neon Trees,2010s Pop Hits,2iTQxkWIicgDI7ilIfeb2l
The Time (Dirty Bit),Black Eyed Peas,2010s Pop Hits,3qoQDbU7GoS69RgmtTp2gS
Best Day Of My Life - Single Version,American Authors,2010s Pop Hits,379FRpuWcd2V9OFOrMIuvw
Pompeii,Bastille,2010s Pop Hits,7skUtgqR7VyBvZ3Igv6kuP
Strip That Down,"Liam Payne, Quavo",2010s Pop Hits,6vG61jkbo2h32D88PzQ40g
Aftertaste,Shawn Mendes,2010s Pop Hits,7HCypRDaM8F6OCJyGajo3R
Almost,DNCE,2010s Pop Hits,4b5YO0bzFNSk3CWgOwENw6
Best Love,Yuna,2010s Pop Hits,4Nlrexy2j7gL1Qsd6Y8VlV
Don't Tell 'Em,"Jeremih, YG",2010s Pop Hits,7fNFNFzlvWYjyglLzCX4rg
If I Die Young,The Band Perry,2010s Pop Hits,6XrFq3vB2umbA7dRcTEQa4
The Thrill Of It All,Sam Smith,2010s Pop Hits,5A4CTqSK4ytpzRfqvFpfUN
I Will Never Let You Down,Rita Ora,2010s Pop Hits,3R6MNZsubLMS7uq7zgsu6O
Masterpiece,Jessie J,2010s Pop Hits,6cIzjoUYnoa32zWPWMsSIj
Pay My Rent,DNCE,2010s Pop Hits,0gfPyohFnI2lBkaHXBjqWE
Tequila,The Vamps,2010s Pop Hits,6sdFyZS3O0wrcrfj0SrAZa
Stay With Me,Sam Smith,2010s Pop Hits,6jjUbpY2T10qBXkE6Kw9Tj
Ruin The Friendship,Demi Lovato,2010s Pop Hits,4PPrrSpoPYmTtIfsBoxngL
Lights On,Shawn Mendes,2010s Pop Hits,5y4DaHNWY6nDX5E7BdORy9
High Hopes,The Vamps,2010s Pop Hits,46yZRM2Bze2kSyiz6lD6Rs
Run Wild,Jon Bellion,2010s Pop Hits,18YTTNpuZ2CV43ZAkdNolC
Want Me Back,BENEE,2010s Pop Hits,2I1R8cIqNI76oWi9MScQ14
This Girl - Kungs Vs. Cookin' On 3 Burners,"Kungs, Cookin' On 3 Burners",2010s Pop Hits,665Ds03Kh0s5XgkdK8vfCR
Fancy,"Iggy Azalea, Charli xcx",2010s Pop Hits,6GkxBFvxn1lLiFRxlwPHRH
Dark Horse,"Katy Perry, Juicy J",2010s Pop Hits,61Me7hL7egNmgGMsQ1AXSl
Burn,Ellie Goulding,2010s Pop Hits,19v9mqNwf6iYVu7K4kaWXs
YOUTH,Troye Sivan,2010s Pop Hits,0jF49O7izH2wrpThEsSwuZ
Glad You Came,The Wanted,2010s Pop Hits,4jll0WB11DPMQKFmoOoMq3
The Party (This Is How We Do It) - Radio Edit,"Joe Stone, Montell Jordan",2010s Pop Hits,5LDklgd0xS7c15RUZHN42C
Love Me Like You Do - From  Fifty Shades Of Grey ,Ellie Goulding,2010s Pop Hits,2J8G9twDCf8hZpTLYkjyli
Morning In America,Jon Bellion,2010s Pop Hits,73F7BcyoauE0X5rQZYQf4L
Who Says,Selena Gomez & The Scene,2010s Pop Hits,1hzN86Oe95BSwQLWawLSLc
Party Rock Anthem,"LMFAO, Lauren Bennett, GoonRock",2010s Pop Hits,0mSVuUGEwfJuP35TrO3kfP
Air,"Shawn Mendes, Astrid S",2010s Pop Hits,6iIQtwdX80XbVavtU9aW0j
Love Myself,Hailee Steinfeld,2010s Pop Hits,4KoR6UKsGdvBkcXI7UObzk
Sexy And I Know It,LMFAO,2010s Pop Hits,6HCmTY87aRHXOrDt8ZjHtm
Price Tag,"Jessie J, B.o.B",2010s Pop Hits,3ead7iAFqD4bS01ycLJiv7
Meet Me Halfway - The Best Of The E.N.D. Version,Black Eyed Peas,2010s Pop Hits,4Vz1tw7mJpGhUKX30MATEA
Team,Lorde,2010s Pop Hits,2K0SJbxKDF4guKpc4QUttG
Teenage Dream,Katy Perry,2010s Pop Hits,1m0PmU9DrqDijNTIaTMbFJ
sorry isn't good enough,Joy Oladokun,2010s Pop Hits,30GQV6FoVsHBSzvf5cGQfJ
Wake Me Up - Radio Edit,Avicii,2010s Pop Hits,5bRYgTwzzrdbzZF9CpfVgz
Don’t Stop The Party,Black Eyed Peas,2010s Pop Hits,6uY39lrgNmSWlcet4dKZVV
Nobody's Perfect,Jessie J,2010s Pop Hits,0Rpu2m0xU5jtm6VGekd3BJ
Mr. Saxobeat - Radio Edit,Alexandra Stan,2010s Pop Hits,1q16f8rOPHYBs9szDQwe1T
Dream,Bishop Briggs,2010s Pop Hits,1aAw2uSZCRpmg5K2jWDqO2
Love You Like A Love Song,Selena Gomez & The Scene,2010s Pop Hits,5wUob5FFlJ2CzGaFUp7As4
Roar,Katy Perry,2010s Pop Hits,1GwD3XFMOo4S1kRfn4apy1
This Love,Maroon 5,2000's Pop Hits,76aqmXnnJmTslVQXYWTaWM
Baby,"Justin Bieber, Ludacris",2000's Pop Hits,2hWFHRT0hayUzdUvwwiZ4t
Poker Face,Lady Gaga,2000's Pop Hits,4kkRsGIEPG4ckCVGCdB37D
Grace Kelly,MIKA,2000's Pop Hits,2XkTLJvqBpXnz1lRvnYIiM
Where Is The Love?,Black Eyed Peas,2000's Pop Hits,4CNweIcprjglbPbzDptf6m
Stickwitu,The Pussycat Dolls,2000's Pop Hits,6z396EIwjfbSBtS7QigBWk
A Thousand Miles,Vanessa Carlton,2000's Pop Hits,72zjPFyHL9yQBtFWmYmE0r
All Rise,Blue,2000's Pop Hits,7e35jkglE1bN5vmxhJLxEr
Apologize,OneRepublic,2000's Pop Hits,6RTr3vET21D1j4D4UKOcrk
Year 3000,Busted,2000's Pop Hits,2EHmcprI7x6Nr4BL11MS3a
S.O.S.,Jonas Brothers,2000's Pop Hits,3hJoQtcUJbJYS4GokQpr1e
7 Things,Miley Cyrus,2000's Pop Hits,3IX7D1jRMR3TRN3en9WPLN
Push The Button,Sugababes,2000's Pop Hits,2bQdo0QLKNnCQm1joz5VAL
Big Girls Don't Cry (Personal),Fergie,2000's Pop Hits,0JW2dikQPp6iL3hmeyjr4R
So Sick,Ne-Yo,2000's Pop Hits,5MEODCS17hLt4J63KPeT0M
Bubbly,Colbie Caillat,2000's Pop Hits,2T5dltOgOpTfyDUleeCRwQ
The Sweet Escape,"Gwen Stefani, Akon",2000's Pop Hits,2VJMnNu0RWxur1KHJp4xTC
If We Ever Meet Again,"Timbaland, Katy Perry",2000's Pop Hits,6DEouuytmG2fIsy6dXfdq4
"Relax, Take It Easy",MIKA,2000's Pop Hits,343NQRp3fzBuBRT6zWvXMe
Stitches,Shawn Mendes,2000's Pop Hits,0aE3W7pRqEwEHOKojWMlgt
Burn,Ellie Goulding,2000's Pop Hits,4m7KyOjqy65crLglsCThn8
Stop And Stare,OneRepublic,2000's Pop Hits,17OD7krnzfSDZZI8QvgWPw
Hey There Delilah,Plain White T's,2000's Pop Hits,3fxDsydRGa4iClfIHyy3bQ
La La Land,Demi Lovato,2000's Pop Hits,7JlrAh79ZC7qeeNQBJeGVn
Born This Way,Lady Gaga,2000's Pop Hits,5MAqZ3yBRpsj82DE3N6shf
Cake By The Ocean,DNCE,2000's Pop Hits,4kA5juo1Hki4r8Z1wP5aJk
Fireflies,Owl City,2000's Pop Hits,6lBXsKZFOBuapJ9CSnHsal
I'm Like A Bird,Nelly Furtado,2000's Pop Hits,6cadxv2auhrgzFcQCmYxzR
Love Yourself,Justin Bieber,2000's Pop Hits,6Q2LRsES5DeKwnMMjF1wvc
Treat You Better,Shawn Mendes,2000's Pop Hits,5Bbz24YsEW0cdbYz6RhSXq
Sugar,Maroon 5,2000's Pop Hits,7Gls5xVkslnnq5xkmnjeVk
Party In The U.S.A.,Miley Cyrus,2000's Pop Hits,62ObFV4hOGLMjoVBilwjF6
Fly Me To The Moon - 2008 Remastered,"Frank Sinatra, Count Basie",Nothing But The Best (2008 Remastered),7FXj7Qg3YorUxdrzvrcY25
My Way - 2008 Remastered,Frank Sinatra,Nothing But The Best (2008 Remastered),2YkIDPL5lGhRhomCq4S2RO
Umbrella,"Rihanna, JAŸ-Z",Good Girl Gone Bad: Reloaded,49FYlytm3dAAraYgpoJZux
3005,Childish Gambino,Because the Internet,2X6b7zLdIxCejd6GqVcQ9M
Mask,Dream,Mask,3IxMaULfjq4IT2IN6v54PB
Roadtrip,"Dream, PmBata",Roadtrip,4Agtk2MrapdZAVN7v6PuFO
Until I End Up Dead,Dream,to whoever wants to hear,1AZi6WDQ0QHIjo25nQxqS2
BITE OF 87,"CG5, Abdul Cisse",BITE OF 87,79o2pwWpC9dndAAJOSbJJz
Fallen Kingdom,"Captainsparklez, Tryhardninja",Fallen Kingdom,0gYnzvD4ktjOm8EWPN9vhh
Maps,Maroon 5,V,4gbVRS8gloEluzf0GzDOFc
Animals,Maroon 5,V,2bL2gyO6kBdLkNSkxXNh6x
It Was Always You,Maroon 5,V,2PLo8T3kGE9URFvBy3tUdt
Unkiss Me,Maroon 5,V,1m39XApxHXb2UkGItyyIUO
Sugar,Maroon 5,V,2iuZJX9X9P0GKaE93xcPjk
Leaving California,Maroon 5,V,13YQutqrAhT5iX9HOctlu5
In Your Pocket,Maroon 5,V,6SCh4BKjB0il6zKgtSiasQ
New Love,Maroon 5,V,42QGdFKDbWMDvmgsYq35HP
Coming Back For You,Maroon 5,V,4J1moeUmaCFMfHNyCeUpkN
Feelings,Maroon 5,V,2dyyOwe0KxTZTJjjXDeLmU
My Heart Is Open,"Maroon 5, Gwen Stefani",V,5AnZXEB5IVhU57cJdOtJeX
This Summer,Maroon 5,V,5uVji14OWpj9HMKLXdhjAv
One More Night,Maroon 5,Overexposed,08B6VraOIuEbplUTLmjG4e
Payphone,"Maroon 5, Wiz Khalifa",Overexposed,3JROdonrpuqlz43CaNUy8o
Daylight,Maroon 5,Overexposed,1WDx8dCeXDVXlwfORzH9bC
Lucky Strike,Maroon 5,Overexposed,1fEZ4l6FIY4cyT4SlWpmeS
The Man Who Never Lied,Maroon 5,Overexposed,6YIOMBh5PbZ2lgpzUErS9M
Love Somebody,Maroon 5,Overexposed,7lH5Z541gS1HRBAsYT54HB
Ladykiller,Maroon 5,Overexposed,5exSICacwgT0qVLHZ6laJn
Fortune Teller,Maroon 5,Overexposed,2qlJWmS9INKhMtEnGLM07B
Sad,Maroon 5,Overexposed,5XIY4f1DY4pjzBzkVQkJ3E
Tickets,Maroon 5,Overexposed,5ut4UK23aFMs02kgv2HnHM
Doin’ Dirt,Maroon 5,Overexposed,7xr4UoKTnuHlyd6cLa91Xc
Beautiful Goodbye,Maroon 5,Overexposed,79XZq4QARNk08RrZOCwS5q
Something Just Like This,"The Chainsmokers, Coldplay",Memories...Do Not Open,6RUKPb4LETWmmr3iAEQktW
Closer,"The Chainsmokers, Halsey",Closer,7BKLCZ1jbUBVqRi2FVlTVw
Don't Let Me Down,"The Chainsmokers, Daya",Don't Let Me Down,1i1fxkWeaMmKEB4T7zqbzK
DAISIES,Justin Bieber,SWAG,5BZsQlgw21vDOAjoqkNgKb
Baby,"Justin Bieber, Ludacris",My World 2.0,6epn3r7S14KUqlReYr77hA
Sorry,Justin Bieber,Purpose (Deluxe),09CtPGIpYB4BrO8qb1RGsF
STAY (with Justin Bieber),"The Kid LAROI, Justin Bieber",F*CK LOVE 3+: OVER YOU,567e29TDzLwZwfDuEpGTwo
One,Ed Sheeran,x (Deluxe Edition),5TvFfDlVoUWZvfqrhTJzD7
I'm a Mess,Ed Sheeran,x (Deluxe Edition),0xCA70t1ZA4fa9UOE0lIJm
Sing,Ed Sheeran,x (Deluxe Edition),6K8qKeWo5MsFED7wCR6Kop
Don't,Ed Sheeran,x (Deluxe Edition),1huvTbEYtgltjQRXzrNKGi
Nina,Ed Sheeran,x (Deluxe Edition),3GKSfF6c3Rv3a1knSjxnXa
Photograph,Ed Sheeran,x (Deluxe Edition),1HNkqx9Ahdgi1Ixy2xkKkL
Bloodstream,Ed Sheeran,x (Deluxe Edition),5v4sZRuvWDcisoOk1PFv6T
Tenerife Sea,Ed Sheeran,x (Deluxe Edition),1HbcclMpw0q2WDWpdGCKdS
Runaway,Ed Sheeran,x (Deluxe Edition),2VmA7bm5ECiYZfw7x4Nzku
The Man,Ed Sheeran,x (Deluxe Edition),1gHF0I223J5pv06SuBcmkz
Thinking out Loud,Ed Sheeran,x (Deluxe Edition),34gCuhDGsG4bRPIf9bb02f
Afire Love,Ed Sheeran,x (Deluxe Edition),12B0Twa9kRz45Xw2PgXHJm
Take It Back,Ed Sheeran,x (Deluxe Edition),2dmOWlEHrP266Qgz6wnUrd
Shirtsleeves,Ed Sheeran,x (Deluxe Edition),7awwmuGslmuyhnlpFipDqk
Even My Dad Does Sometimes,Ed Sheeran,x (Deluxe Edition),0N5zjRnf8AreOm95iSBXF4
I See Fire,Ed Sheeran,x (Deluxe Edition),5pY3ovFxbvAg7reGZjJQSp
Tides,Ed Sheeran,=,2JiHR4gCDjXwYVRDmwdk95
Shivers,Ed Sheeran,=,50nfwKoDiSYg8zOCREWAm5
First Times,Ed Sheeran,=,5QYnNhTKsN3kE7OaqILA1U
Bad Habits,Ed Sheeran,=,3rmo8F54jFF8OgYsqTxm5d
Overpass Graffiti,Ed Sheeran,=,4btFHqumCO31GksfuBLLv3
The Joker And The Queen,Ed Sheeran,=,3NuLxTXowTRcguTh9RsPmM
Leave Your Life,Ed Sheeran,=,0YbI9lWxUBsCJLb6EBydkr
Collide,Ed Sheeran,=,5sv0WnUs74Orn6GoPmC5im
2step,Ed Sheeran,=,2SUxn2O9NHL6GHGQFgwCY0
Stop The Rain,Ed Sheeran,=,0VuDtcT7H4CAljLZEH021x
Love In Slow Motion,Ed Sheeran,=,1i4F583d9v9RabcfOlKKVL
Visiting Hours,Ed Sheeran,=,0rt63HYAAIzUZo5O2D0uA6
Sandman,Ed Sheeran,=,2Ldb2ytuC9AxhpAkVEJBI6
Be Right Now,Ed Sheeran,=,3BiiSLo0wyHAY7lpCEO6ge
Eraser,Ed Sheeran,÷ (Deluxe),7oolFzHipTMg2nL7shhdz2
Castle on the Hill,Ed Sheeran,÷ (Deluxe),6PCUP3dWmTjcTtXY02oFdT
Dive,Ed Sheeran,÷ (Deluxe),51ChrwmUPDJvedPQnIU8Ls
Shape of You,Ed Sheeran,÷ (Deluxe),7qiZfU4dY1lWllzX7mPBI3
Perfect,Ed Sheeran,÷ (Deluxe),0tgVpDi06FyKpA1z0VMD4v
Galway Girl,Ed Sheeran,÷ (Deluxe),0afhq8XCExXpqazXczTSve
Happier,Ed Sheeran,÷ (Deluxe),2RttW7RAu5nOAfq6YFvApB
New Man,Ed Sheeran,÷ (Deluxe),5HDPtsnyb3maFmPL8LLUTG
Hearts Don't Break Around Here,Ed Sheeran,÷ (Deluxe),2dfHh7ECGxfNqZTQno09Vk
What Do I Know?,Ed Sheeran,÷ (Deluxe),2pJZ1v8HezrAoZ0Fhzby92
How Would You Feel (Paean),Ed Sheeran,÷ (Deluxe),6PJ8FF6UR8FZXfEvpHkIVN
Supermarket Flowers,Ed Sheeran,÷ (Deluxe),4VuS959DSpr82t3qBqCrWG
Barcelona,Ed Sheeran,÷ (Deluxe),3Lfiu5sZ4M4B6JaKMBc0FU
Bibia Be Ye Ye,Ed Sheeran,÷ (Deluxe),6SznMYPQJHzr3IwsAHLId2
Nancy Mulligan,Ed Sheeran,÷ (Deluxe),35QZaWQRkmnAVqBF1TLCxQ
Save Myself,Ed Sheeran,÷ (Deluxe),6TIU9Ehmi6dMzZK73Ym4yj
STARGAZING,Travis Scott,ASTROWORLD,7wBJfHzpfI3032CSD7CE2m
CAROUSEL,Travis Scott,ASTROWORLD,7KZ5MMVgBVox9ycroB2UrI
SICKO MODE,Travis Scott,ASTROWORLD,2xLMifQCjDGFmkHkpNLD9h
R.I.P. SCREW,Travis Scott,ASTROWORLD,4SZepBIPDRwPaHIjAKwRDb
STOP TRYING TO BE GOD,Travis Scott,ASTROWORLD,1xYpVRspgaLxdJLOTQkTjg
NO BYSTANDERS,Travis Scott,ASTROWORLD,6OaVWaGfhXn70ZJfdVcabn
SKELETONS,Travis Scott,ASTROWORLD,6NMtzpDQBTOfJwMzgMX0zl
WAKE UP,Travis Scott,ASTROWORLD,20MuVazoNMv6xjKPnRFOxG
5% TINT,Travis Scott,ASTROWORLD,11kDth1aKUEUMq9r1pqyds
NC-17,Travis Scott,ASTROWORLD,6BJbOXDlgVAXSaq6wYFYT2
ASTROTHUNDER,Travis Scott,ASTROWORLD,4MXhiYIRDMGAuvZc5IFTwC
YOSEMITE,Travis Scott,ASTROWORLD,7lAK3oHbfEnvUQWosrMMpR
CAN'T SAY,Travis Scott,ASTROWORLD,27a1mYSG5tYg7dmEjWBcmL
WHO? WHAT!,Travis Scott,ASTROWORLD,4KYS9GK68yeuUJ8vJfPxrq
BUTTERFLY EFFECT,Travis Scott,ASTROWORLD,2cYqizR4lgvp4Qu6IQ3qGN
HOUSTONFORNICATION,Travis Scott,ASTROWORLD,58TaFP5j5i9swOf584yon2
COFFEE BEAN,Travis Scott,ASTROWORLD,6vnfObZ4Ys70SBAtti1xZ9
Believer,Imagine Dragons,Evolve,0pqnGHJpmpxLKifKRmU6WP
Thunder,Imagine Dragons,Evolve,1zB4vmk8tFRmM9UULNzbLB
Radioactive,Imagine Dragons,Night Visions,4G8gkOterJn0Ywt6uhqbhp
Whatever It Takes,Imagine Dragons,Evolve,6Qn5zhYkTa37e91HC1D7lb
Enemy (with JID) - from the series Arcane League of Legends,"Imagine Dragons, JID, Arcane, League of Legends",Mercury - Acts 1 & 2,3CIyK1V4JEJkg02E4EJnDl
One More Time,Daft Punk,Discovery,0DiWol3AO6WpXZgp0goxAV
Aerodynamic,Daft Punk,Discovery,3H3cOQ6LBLSvmcaV7QkZEu
Digital Love,Daft Punk,Discovery,2VEZx7NWsZ1D0eJ4uv5Fym
"Harder, Better, Faster, Stronger",Daft Punk,Discovery,5W3cjX2J3tjhG8zb6u0qHn
Crescendolls,Daft Punk,Discovery,6vuPZX9fWESg5js2JFTQRJ
Nightvision,Daft Punk,Discovery,63JXZZRbmzooashakb0zbu
Superheroes,Daft Punk,Discovery,186hvCTyrni4KT9nwIQ7zS
High Life,Daft Punk,Discovery,098ttCNmncrO4YvqWUNMvn
Something About Us,Daft Punk,Discovery,1NeLwFETswx8Fzxl2AFl91
Voyager,Daft Punk,Discovery,7cMFjxhbXBpOlais7KMF3j
Veridis Quo,Daft Punk,Discovery,2LD2gT7gwAurzdQDQtILds
Short Circuit,Daft Punk,Discovery,4npMbTuxrUA3Wd7edACZ2L
Face to Face,Daft Punk,Discovery,7v9Q0dAb9t7h8gJOkcJHay
Too Long,Daft Punk,Discovery,3zMvotMEQK3xvH01vA9wAP
Around the World,Daft Punk,Homework (25th Anniversary Edition),1q4poN5PaGvY1RbEC5gl5s
Give Life Back to Music,Daft Punk,Random Access Memories,0dEIca2nhcxDUV8C5QkPYb
The Game of Love,Daft Punk,Random Access Memories,3ctALmweZBapfBdFiIVpji
Giorgio by Moroder,Daft Punk,Random Access Memories,0oks4FnzhNp5QPTZtoet7c
Within,Daft Punk,Random Access Memories,7Bxv0WL7UC6WwQpk9TzdMJ
Instant Crush (feat. Julian Casablancas),"Daft Punk, Julian Casablancas",Random Access Memories,2cGxRwrMyEAp8dEbuZaVv6
Lose Yourself to Dance (feat. Pharrell Williams),"Daft Punk, Pharrell Williams",Random Access Memories,5CMjjywI0eZMixPeqNd75R
Touch (feat. Paul Williams),"Daft Punk, Paul Williams",Random Access Memories,7oaEjLP2dTJLJsITbAxTOz
Get Lucky (feat. Pharrell Williams and Nile Rodgers),"Daft Punk, Pharrell Williams, Nile Rodgers",Random Access Memories,69kOkLUCkxIZYexIgSG8rq
Beyond,Daft Punk,Random Access Memories,0k1xMUwn9sb7bZiqdT9ygx
Motherboard,Daft Punk,Random Access Memories,79koEJRtKOOGJ0VSAF3FMk
Fragments of Time (feat. Todd Edwards),"Daft Punk, Todd Edwards",Random Access Memories,0IedgQjjJ8Ad4B3UDQ5Lyn
Doin' it Right (feat. Panda Bear),"Daft Punk, Panda Bear",Random Access Memories,36c4JohayB9qd64eidQMBi
Contact,Daft Punk,Random Access Memories,2KHRENHQzTIQ001nlP9Gdc
Ambitious Dreams,"Extrode, Tim Zhang",Ambitious Dreams,1mmfys23UXff8JPHhDOGH1
Flow,Extrode,Flow,6xR3v2bcSFUrHPXgqhr2UU
Flowers,Miley Cyrus,Endless Summer Vacation,7DSAEUvxU8FajXtRloy8M0
Party In The U.S.A.,Miley Cyrus,The Time Of Our Lives,5Q0Nhxo0l2bP3pNjpGJwV1
Wrecking Ball,Miley Cyrus,Bangerz (Deluxe Version),2vwlzO0Qp8kfEtzTsCXfyE
Crazy In Love (feat. JAY-Z),"Beyoncé, JAŸ-Z",Dangerously In Love,0TwBtDAWpkpM3srywFVOV5
Single Ladies (Put a Ring on It),Beyoncé,I AM...SASHA FIERCE NEW DELUXE EDITION,70HKaNaUpcUqEqnKoKy6gl
7 rings,Ariana Grande,"thank u, next",6ocbgoVGwYJhOv1GgI9NsF
"thank u, next",Ariana Grande,"thank u, next",3e9HZxeyfWwjeyPAMmWSSQ
34+35,Ariana Grande,Positions,6Im9k8u9iIzKMrmV7BWtlF
Nikes,Frank Ocean,Blonde,19YKaevk2bce4odJkP5L22
Ivy,Frank Ocean,Blonde,2ZWlPOoWh0626oTaHrnl2a
Pink + White,Frank Ocean,Blonde,3xKsf9qdS1CyvXSMEid6g8
Be Yourself,Frank Ocean,Blonde,1IdZvb2XK8NmsovQlV6CPn
Solo,Frank Ocean,Blonde,35xSkNIXi504fcEwz9USRB
Skyline To,Frank Ocean,Blonde,4xR3MAscflQ262kMeiKshQ
Self Control,Frank Ocean,Blonde,5GUYJTQap5F3RDQiCOJhrS
Good Guy,Frank Ocean,Blonde,2JUqYobT8NvARdPmc4ES2x
Nights,Frank Ocean,Blonde,7eqoqGkKwgOaWNNHx90uEZ
Solo (Reprise),Frank Ocean,Blonde,2qtoRFCOEL1gRn5q9DJC7F
Pretty Sweet,Frank Ocean,Blonde,17yrCsl1Ai6CZLBmGj6d6p
Facebook Story,Frank Ocean,Blonde,73D5hBkiVZkopZrmBZTBWf
Close To You,Frank Ocean,Blonde,1VZLEW5ZfcAbKZ94XQiSZF
White Ferrari,Frank Ocean,Blonde,2LMkwUfqC6S6s6qDVlEuzV
Seigfried,Frank Ocean,Blonde,1BViPjTT585XAhkUUrkts0
Godspeed,Frank Ocean,Blonde,34xTFwjPQ1dC6uJmleno7x
Futura Free,Frank Ocean,Blonde,5k8LB57xOq8UUNVaKWSqrf
Start,Frank Ocean,channel ORANGE,0GAE689kVy7sFT2QWZH1Xa
Thinkin Bout You,Frank Ocean,channel ORANGE,7DfFc7a6Rwfi3YQMRbDMau
Fertilizer,Frank Ocean,channel ORANGE,6jypaMkKsoc5npsVzxhksl
Sierra Leone,Frank Ocean,channel ORANGE,1HwbgJAU9PZ7YbzKgVgoIF
Sweet Life,Frank Ocean,channel ORANGE,6MEDfjHxnVNcYmHe3mM6L2
Not Just Money,Frank Ocean,channel ORANGE,3iW3y326xuRpNVXzOMBZy5
Super Rich Kids,"Frank Ocean, Earl Sweatshirt",channel ORANGE,0725YWm6Z0TpZ6wrNk64Eb
Pilot Jones,Frank Ocean,channel ORANGE,2ohegz9maxzroKBu9YhcCM
Crack Rock,Frank Ocean,channel ORANGE,5lcyIeEfwZTs8Ajw3kdF7P
Pyramids,Frank Ocean,channel ORANGE,4QhWbupniDd44EDtnh2bFJ
Lost,Frank Ocean,channel ORANGE,3GZD6HmiNUhxXYf8Gch723
White,"Frank Ocean, John Mayer",channel ORANGE,1VMdwVq0yaTc4DeqSCi7DO
Monks,Frank Ocean,channel ORANGE,0msrDPXxZpts4FRnoX0bFr
Bad Religion,Frank Ocean,channel ORANGE,2pMPWE7PJH1PizfgGRMnR9
Pink Matter,"Frank Ocean, André 3000",channel ORANGE,1fOkmYW3ZFkkjIdOZSf596
Forrest Gump,Frank Ocean,channel ORANGE,4YZbVct8l9MnAVIROnLQdx
End,Frank Ocean,channel ORANGE,05tFLPSXJ1BbqIXy4Jeqfh
The Illest Villains,"Madvillain, Madlib, MF DOOM",Madvillainy,2Jn0wHQ2lEif2gLRsyfaf2
Accordion,"Madvillain, Madlib, MF DOOM",Madvillainy,67vrmPygrZ9giGqHUSReAT
Meat Grinder,"Madvillain, Madlib, MF DOOM",Madvillainy,4WM1hvYr2NC6bQnQXcj3sH
Bistro,"Madvillain, Madlib, MF DOOM",Madvillainy,4kSYZCV2qlTpCPu0NnMoSR
Raid (feat. MED),"Madvillain, Madlib, MF DOOM, MED",Madvillainy,3KQh7ppbDxVjdJBtjvP5BU
America's Most Blunted (feat. Quasimoto),"Madvillain, Madlib, MF DOOM, Quasimoto",Madvillainy,1QmVaiJKcXUMMBfd1fonI0
Sickfit (Instrumental),"Madvillain, Madlib, MF DOOM",Madvillainy,4NpMpsiq6LX8eikg9Gcvsj
Rainbows,"Madvillain, Madlib, MF DOOM",Madvillainy,63qqAXlMFDKO9gkIMiq3KH
Curls,"Madvillain, Madlib, MF DOOM",Madvillainy,0V3nTTKA24XKCayp8igU4l
Do Not Fire! (Instrumental),"Madvillain, Madlib, MF DOOM",Madvillainy,1APrKVAuOsotWulrz0GyAz
Money Folder,"Madvillain, Madlib, MF DOOM",Madvillainy,7N1Z5IAGMEWXZcxfpFt87k
Shadows of Tomorrow (feat. Quasimoto),"Madvillain, Madlib, MF DOOM, Quasimoto",Madvillainy,2DGrID7i8pkoqR2gHxnEHC
Operation Lifesaver aka Mint Test,"Madvillain, Madlib, MF DOOM",Madvillainy,44lxKKHQuGj9Y99hnmtOTK
Figaro,"Madvillain, Madlib, MF DOOM",Madvillainy,7oFiFPltiQTBqVutyiSwvE
Hardcore Hustle (feat. Wildchild),"Madvillain, Madlib, MF DOOM, Wildchild",Madvillainy,43u5j2bJ6E9nZV3PbPAoAe
Strange Ways,"Madvillain, Madlib, MF DOOM",Madvillainy,1JLvr8qmZ6hQM7H6MsIqHV
Fancy Clown (feat. Viktor Vaughn),"Madvillain, Madlib, MF DOOM, Viktor Vaughn",Madvillainy,1YgDGKyKhFlimPw3mLavPG
Eye (feat. Stacy Epps),"Madvillain, Madlib, MF DOOM, Stacy Epps",Madvillainy,7BQWkQjZ4RmzCehucHJmt3
Supervillain Theme (Instrumental),"Madvillain, Madlib, MF DOOM",Madvillainy,2m10twwgw9NxzvlQkwCOIO
All Caps,"Madvillain, Madlib, MF DOOM",Madvillainy,21O0XXPEWPtePt5RMY93Ob
Great Day,"Madvillain, Madlib, MF DOOM",Madvillainy,2teH8BAM9q2oSmBre5hiQM
Rhinestone Cowboy,"Madvillain, Madlib, MF DOOM",Madvillainy,1IM5em8ceA9Ukorn9xf19w
Circles,Post Malone,Hollywood's Bleeding,21jGcNKet2qwijlDFuPiPb
rockstar (feat. 21 Savage),"Post Malone, 21 Savage",beerbongs & bentleys,0e7ipj03S05BNilyu5bRzt
Hollywood's Bleeding,Post Malone,Hollywood's Bleeding,7sWRlDoTDX8geTR8zzr2vt
Saint-Tropez,Post Malone,Hollywood's Bleeding,05mDaV9Vb3wrzjF6OPZnhq
Enemies (feat. DaBaby),"Post Malone, DaBaby",Hollywood's Bleeding,0Xek5rqai2jcOWCYWJfVCF
Allergic,Post Malone,Hollywood's Bleeding,1YscJ7yVTlFxW3eF6pv5ba
A Thousand Bad Times,Post Malone,Hollywood's Bleeding,2J0NXdHr6MYvKDSxB7k3V2
Die For Me (feat. Future & Halsey),"Post Malone, Halsey, Future",Hollywood's Bleeding,2C6WXnmZ66tHhHlnvwePiK
On The Road (feat. Meek Mill & Lil Baby),"Post Malone, Meek Mill, Lil Baby",Hollywood's Bleeding,12Fkyg9lpmaz2zmKOfw2Y2
Take What You Want (feat. Ozzy Osbourne & Travis Scott),"Post Malone, Ozzy Osbourne, Travis Scott",Hollywood's Bleeding,7CZyCXKG6d5ALeq41sLzbw
I'm Gonna Be,Post Malone,Hollywood's Bleeding,1ckLp8lCl8LipXI0ypX72m
Staring At The Sun (feat. SZA),"Post Malone, SZA",Hollywood's Bleeding,5KE9b4x7Zj2A8XtbkqhqTe
Sunflower - Spider-Man: Into the Spider-Verse,"Post Malone, Swae Lee",Hollywood's Bleeding,0RiRZpuVRbi7oqRdSMwhQY
Internet,Post Malone,Hollywood's Bleeding,0KAzP1Rbp0Vz5pw8i1KDDI
Goodbyes (feat. Young Thug),"Post Malone, Young Thug",Hollywood's Bleeding,0t3ZvGKlmYmVsDzBJAXK8C
Myself,Post Malone,Hollywood's Bleeding,2cvOfKHOHgwQlLiuLKP2xR
I Know,Post Malone,Hollywood's Bleeding,6b2mfHMqWCA74XmUuVJm8r
Wow.,Post Malone,Hollywood's Bleeding,7xQAfvXzm3AkraOtGPWIZg
Paranoid,Post Malone,beerbongs & bentleys,3fpVWegR6YOS1Yk5HSMYIq
Spoil My Night (feat. Swae Lee),"Post Malone, Swae Lee",beerbongs & bentleys,5VuxWXbt7XENQCtE9TzpTv
Rich & Sad,Post Malone,beerbongs & bentleys,2VdT56BGpdqNHUgOe1j5vc
Zack And Codeine,Post Malone,beerbongs & bentleys,5lZZmityu9TAjNvSY6GLhR
Takin' Shots,Post Malone,beerbongs & bentleys,5ffntNJnJOeFv7b7DCd0Bw
Over Now,Post Malone,beerbongs & bentleys,09IOPhEh1OMe0HD9b36FJk
Psycho (feat. Ty Dolla $ign),"Post Malone, Ty Dolla $ign",beerbongs & bentleys,3swc6WTsr7rl9DqQKQA55C
Better Now,Post Malone,beerbongs & bentleys,7dt6x5M1jzdTEt8oCbisTK
Ball For Me (feat. Nicki Minaj),"Post Malone, Nicki Minaj",beerbongs & bentleys,6IaieqiCVvsNvEt6Y7yOFa
Otherside,Post Malone,beerbongs & bentleys,4qWCFTuNnmGNdY4egtb4ZY
Stay,Post Malone,beerbongs & bentleys,4H7WNRErSbONkM06blBoGc
Blame It On Me,Post Malone,beerbongs & bentleys,1ZemPoaj7LBj1RAQrb89EC
Same Bitches (feat. G-Eazy & YG),"Post Malone, G-Eazy, YG",beerbongs & bentleys,688QpQAwqsLdBR6lr13wK1
Jonestown (Interlude),Post Malone,beerbongs & bentleys,0R6Jlsq25eZB3Wftpxi3oF
92 Explorer,Post Malone,beerbongs & bentleys,1D2L6MefbXon28PzIk9I3r
Candy Paint,Post Malone,beerbongs & bentleys,32lItqlMi4LBhb4k0BaSaC
Sugar Wraith,Post Malone,beerbongs & bentleys,0MrRAUcB8AZiB9ue2VOBYe
Keep The Family Close,Drake,Views,7sBwAWyXfiIgrYQ8BaJESH
9,Drake,Views,1C7KSXR2GVxknex6I4ANco
U With Me?,Drake,Views,03L2AoiRbWhvt7BDMx1jUB
Feel No Ways,Drake,Views,3cjF2OFRmip8spwZYQRKxP
Hype,Drake,Views,5NFYuqu8V6QXc6mzcLImd6
Weston Road Flows,Drake,Views,4PA16FAl8LPmFmOhARawdV
Redemption,Drake,Views,4cRBqWBjuccCowYVHFlXK6
With You,"Drake, PARTYNEXTDOOR",Views,3aJkV6DUTSCqOwVwaBDG9B
Faithful,"Drake, dvsn, Pimp C",Views,2qLcJOLrh6Djda4uLbldSA
Still Here,Drake,Views,433P7tDcIAi6NLnf4Sh6tI
Controlla,Drake,Views,3O8NlPh2LByMU9lSRSHedm
One Dance,"Drake, Wizkid, Kyla",Views,1zi7xx7UVEFkmKfv06H8x0
Grammys,"Drake, Future",Views,5e574bhjycX1eH2l4Auage
Childs Play,Drake,Views,3NxAG2ni1lLa8RKL6a0INc
Pop Style,Drake,Views,5mPSyjLatqB00IkPqRlbTE
Too Good,"Drake, Rihanna",Views,3BtuIIrQlkujKPuWF2B85z
Summers Over Interlude,"Drake, Majid Jordan",Views,3ppVO2tyWRRznNmONvt7Se
Fire & Desire,Drake,Views,4BhGTc3Cgay2U1QcTS7vQe
Views,Drake,Views,7MjSipTto9QljYzZnloXOn
Hotline Bling,Drake,Views,0wwPcA6wtMf6HUMpIRdeP7
In My Feelings,Drake,Scorpion,2G7V7zsVDxg1yRsu7Ew9RJ
Curtains Up - Skit,Eminem,The Eminem Show,0ttF21hZCPw2merE3GsHcP
White America,Eminem,The Eminem Show,15qrWkkYCfmtu1uRpGf48L
Business,Eminem,The Eminem Show,0x60P5taxdI5pcGbqbap6S
Cleanin' Out My Closet,Eminem,The Eminem Show,7BMO7O7ImjV8HNTH74Tshv
Square Dance,Eminem,The Eminem Show,27mgDrExPa3obPAYXd3yQg
The Kiss - Skit,Eminem,The Eminem Show,2J3CYFUn6eAuHz5S9IKape
Soldier,Eminem,The Eminem Show,5QD28FqaM3jTfsqWwvRZwv
Say Goodbye Hollywood,Eminem,The Eminem Show,288e3FhmVuCqPmNEfAH0h6
Drips,"Eminem, Obie Trice",The Eminem Show,7io19rjxOFu3pGuZgBI6Pk
Without Me,Eminem,The Eminem Show,7lQ8MOhq6IN2w8EYcFNSUk
Paul Rosenberg - Skit,Eminem,The Eminem Show,0EgkVzDidmq4MP57jZFeik
Sing For The Moment,Eminem,The Eminem Show,3CpoeW0cZSDzIRv5z34F87
Superman,"Eminem, Dina Rae",The Eminem Show,4woTEX1wYOTGDqNXuavlRC
Hailie's Song,Eminem,The Eminem Show,6Db8IlZ7YY1pfIjJllejyH
Steve Berman - Skit,Eminem,The Eminem Show,5ZxX55HFfi4aofGTxMp58x
When The Music Stops,"Eminem, D12",The Eminem Show,73qINA7ccO03wxD8nsJalr
Say What You Say,"Eminem, Dr. Dre",The Eminem Show,4EQkcrSLF3QdlwNca7sMXY
Till I Collapse,"Eminem, Nate Dogg",The Eminem Show,4xkOaSrkexMciUUogZKVTS
My Dad's Gone Crazy,"Eminem, Hailie Jade",The Eminem Show,3F14hbIqy1JKKLTb1mzdYV
Curtains Close,Eminem,The Eminem Show,51LeDAMy6nWqKdjVo7jK4j
The One That Got Away,Katy Perry,Teenage Dream,6hkOqJ5mE093AQf2lbZnsG
Last Friday Night (T.G.I.F.),Katy Perry,Teenage Dream,3avYqdwHKEq8beXbeWCKqJ
Dark Horse,"Katy Perry, Juicy J",PRISM,4jbmgIyjGoXjY01XxatOx6
California Gurls,"Katy Perry, Snoop Dogg",Teenage Dream,6KOEK6SeCEZOQkLj5M1PxH
Poker Face,Lady Gaga,The Fame,5R8dQOPq8haW94K7mgERlO
Bad Romance,Lady Gaga,The Fame Monster (Deluxe Edition),0SiywuOBRcynK0uKGWdCnn
Love You Anyway,The Marías,Submarine,3vxvz0JoRDvnx2jG9oPljA
No One Noticed,The Marías,Submarine,3siwsiaEoU4Kuuc9WKMUy5
Sienna,The Marías,Submarine,0InIeZW4P6VO7dUGRM4AKH
Paranoia,The Marías,Submarine,4gtIYSYu8u2ItBqrhCaChL
Slumlord,Neon Indian,VEGA INTL. Night School,6Z6tSfOGWxlml35sNGuzzW
Glue Song,beabadoobee,Glue Song,3iBgrkexCzVuPy4O9vx7Mf
the way things go,beabadoobee,the way things go,5sA3i6SGkILMiZW6Fhx4wv
Over the Moon,The Marías,"Superclean, Vol. II",02wNtFxlr9dLmZXKT5TIF5
Show Me How,Men I Trust,Show Me How,75IQVo8hqI1iwVZyvkN2VT
For: You,Kali Uchis,"Sincerely,",6L1xZIyw9U8kICunpmDvq4
Risk It All,Bruno Mars,The Romantic,5y2ijHECwFYWqcAHKTZgzD
Secrets (Your Fire),Magdalena Bay,Mercurial World,3tgHGoK5ItQv2q2yqggxlb
Sofia,Clairo,Immunity,1zHUEIQ6yzaWBzhNCV1SGW
Heartbreak Anniversary,GIVĒON,TAKE TIME,3FAJ6O0NOHQV8Mc5Ri6ENp
TWENTIES,GIVĒON,BELOVED,3HYUSkSJ0iQfocqdJmJqKw
Bad Habit,Steve Lacy,Gemini Rights,4k6Uh1HXdhtusDW5y8Gbvy
Some,Steve Lacy,Some,4riDfclV7kPDT9D58FpmHd
N Side,Steve Lacy,Apollo XXI,12ILYlOEfWL8ei0BEgFJn0
Infrunami,Steve Lacy,The Lo-Fis,0f8eRy9A0n6zXpKSHSCAEp
Notion,The Rare Occasions,Notion,0sTlGEld0h8kIPZaKDYUf4
Wicked Games,The Weeknd,Trilogy,6VwBbL8CzPiC4QV66ay7oR
Cigarette,Joji,Piss In The Wind,0EZCMaaBGOWcc4U5rjAYs7
PIXELATED KISSES,Joji,Piss In The Wind,0XpxBV69JUDfqyzrJbndsw
Piece of You (with Giveon),"Joji, GIVĒON",Piss In The Wind,5e4cPfjt4pEeNvik5Ld3df
the BLACK seminole.,"Lil Yachty, Diana Gordon",Let’s Start Here.,1rydhdFtKe2CRkiaVb7aGF
Them Changes,Thundercat,Drunk,7CH99b2i1TXS5P8UUyWtnM
Funny Thing,Thundercat,It Is What It Is,1c5CllrZr45UBhWpIqM332
Dragonball Durag,Thundercat,It Is What It Is,7eWGnKg4B44sbBPpQp4y2c
My Love Mine All Mine,Mitski,The Land Is Inhospitable and So Are We,3vkCueOmm7xQDoJ17W1Pm3
From The Start,Laufey,Bewitched,43iIQbw5hx986dUEZbr3eN
Falling Behind,Laufey,Everything I Know About Love,4KGGeE7RJsgLNZmnxGFlOj
Valentine,Laufey,Everything I Know About Love,6cx5CvFhqN19efStehJqoW
SUMMER,BROCKHAMPTON,SATURATION II,66dQdXAbtuPdSasezCQVZE
The Great Gig in the Sky,Pink Floyd,The Dark Side of the Moon,2TjdnqlpwOjhijHCwHCP2d
Buddy Holly,Weezer,Weezer,3mwvKOyMmG77zZRunnxp9E
Space Song,Beach House,Depression Cherry,7H0ya83CMmgFcOhw0UB6ow
Algorhythm,Childish Gambino,Atavista,0zuTQnwbFilLGQziet34Mr
Human Sacrifice,Childish Gambino,Atavista,6SdwTlnOy0hcfXmkwQrSw2
"Monsters, Inc.",Randy Newman,"Monsters, Inc. (Original Motion Picture Soundtrack)",5e0O7MjhNHq9G67qDFM8nR
Kollage,Carly Rae Jepsen,The Loveliest Time,1ZG3a8kVmKcviDKqXaANIb
worldstar money (interlude),Joji,In Tongues,1LmPkhAR1aMuaWS7wbqkSo
Panini,Lil Nas X,7,6fTt0CH2t0mdeB2N9XFG5r
Rodeo,"Lil Nas X, Cardi B",7,4ak7xjvBeBOcJGWFDX9w5n
INDUSTRY BABY (feat. Jack Harlow),"Lil Nas X, Jack Harlow",INDUSTRY BABY (feat. Jack Harlow),27NovPIUIRrOZoCHxABJwK
Key,C418,Minecraft - Volume Alpha,2TQU6iZxD9UwUkA0fGgfsX
Door,C418,Minecraft - Volume Alpha,39DeAocnNpltMcz4aykhNM
Subwoofer Lullaby,C418,Minecraft - Volume Alpha,2hLRXbh7TwezpksciMibG1
Death,C418,Minecraft - Volume Alpha,7Ix7VIImOwKbmP8nmTO0gV
Living Mice,C418,Minecraft - Volume Alpha,5NkhjCiXwRdadCqbkZqdsj
Moog City,C418,Minecraft - Volume Alpha,3wmvHdag2I7BpHCtWoiV9w
Haggstrom,C418,Minecraft - Volume Alpha,0Ncumev5aG7HZHsKrgFYCq
Minecraft,C418,Minecraft - Volume Alpha,4iXkhdO1s4x1aleZNowIJ0
Oxygène,C418,Minecraft - Volume Alpha,4VMe8UCKlLRr5jW5KQ4jlb
Équinoxe,C418,Minecraft - Volume Alpha,5nRlAJVmOIWpTd0rnBeGc7
Mice on Venus,C418,Minecraft - Volume Alpha,1gXIOLjnh36fww7bdZ1NhK
Dry Hands,C418,Minecraft - Volume Alpha,5HsRk431fSzkKIvQPvyuRM
Wet Hands,C418,Minecraft - Volume Alpha,1MLZMrjfwiT5ll5vjIwwU7
Clark,C418,Minecraft - Volume Alpha,2aZHJXIsBCk5fEXeVrpNiM
Chris,C418,Minecraft - Volume Alpha,6DWDh2228j0yXcDQBQtq2t
Thirteen,C418,Minecraft - Volume Alpha,1YE26AjNKxrCaTLl6Nstzn
Excuse,C418,Minecraft - Volume Alpha,2ByqwRQCMBN8sTOpowzguG
Sweden,C418,Minecraft - Volume Alpha,716HpbfSkMkU7TwQsJlhHT
Cat,C418,Minecraft - Volume Alpha,6jKBCAD6bistV2SrVUmKfW
Dog,C418,Minecraft - Volume Alpha,7yJFsHn1OOpV9Q7b0Uofd0
Danny,C418,Minecraft - Volume Alpha,1i2bwN2e2TpsH3gLoNX8dC
Beginning,C418,Minecraft - Volume Alpha,2omLuffsguT7og1L0fnkZV
Droopy Likes Ricochet,C418,Minecraft - Volume Alpha,7vPqBfSqe2XzYLdU4iBORF
Droopy Likes Your Face,C418,Minecraft - Volume Alpha,14jnMP7HVrkwq83i6WXgZf
Heartbeat,Childish Gambino,Camp,5AGQSF0ytihJyt96K5vW9d
The Less I Know The Better,Tame Impala,Currents,6K4t31amVTZDgR3sKmwUJJ
Not Like Us,Kendrick Lamar,Not Like Us,6AI3ezQ4o3HUoP6Dhudph3
Lady - Hear Me Tonight,Modjo,Modjo (Remastered),49X0LAl6faAusYq02PRAY6
Take on Me,a-ha,Hunting High and Low,2WfaOiMkCvy7F5fcp2zZ8L
All Star,Smash Mouth,Astro Lounge,3cfOd4CMv2snFaKAnMdnvK
Hypnotize - 2014 Remaster,The Notorious B.I.G.,Life After Death (2014 Remastered Edition),7KwZNVEaqikRSBSpyhXK2j
Perky Man (feat. Mikey Bands & Jay Bezzy),"Sleepy Hallow, Mikey Bands, Jay Bezzy",Boy Meets World,27mP1jjqp67qwMAqh2a2de
Crazy,"Gnarls Barkley, CeeLo Green, Danger Mouse",St. Elsewhere,6o1l9I0faXJN2iqulHrdCQ
Say So,Doja Cat,Hot Pink,3Dv1eDb0MEgF93GpLXlucZ
Kiss Me More (feat. SZA),"Doja Cat, SZA",Planet Her,3DarAbFujv6eYNliUTyqtz
Just the Two of Us (feat. Bill Withers),"Grover Washington, Jr., Bill Withers",Anthology,1ko2lVN0vKGUl9zrU0qSlT
Axel F,Crazy Frog,Crazy Frog presents Crazy Hits,0Bo5fjMtTfCD8vHGebivqc
The Heart Part 5,Kendrick Lamar,Mr. Morale & The Big Steppers,5qbhVL3vB7HwWvb0042B7y
N95,Kendrick Lamar,Mr. Morale & The Big Steppers,0fX4oNGBWO3dSGUZcVdVV2
Martin Luther,Yuno Miles,Martin Luther,74MuHnq8zktFZmqgKSqF8G
Honey Bun,Yuno Miles,Go On Tour Yuno,6kzqVsgsHJwlXi3T6fBe5j
Never Gonna Give You Up,Rick Astley,Whenever You Need Somebody,4PTG3Z6ehGkBFwjybzWkR8
Syrup,"Slump AK, Lil Rocket Launcher",Syrup,1UTLoQjeINYomZIHNGFwlV
Syrup 2,"Slump AK, Lil Rocket Launcher, Spazzo",Syrup 2,09dmXkv38UHEMtblvKnn8X
Pompeii,Bastille,All This Bad Blood,4Ub8UsjWuewQrPhuepfVpd
Viva La Vida,Coldplay,Viva La Vida or Death and All His Friends,1mea3bSkSGXuIRvnydlB5b
At the Speed of Light,Dimrain47,The Dimrain47 Collection (2005-2012),3DAECfDIlJTPV5vK1AcI6k
NOKIA,Drake,$ome $exy $ongs 4 U,2u9S9JJ6hTZS3Vf22HOZKg
Passionfruit,Drake,More Life,5mCPDVBb16L4XQwDdbRUpz
Blah Blah,Joji,Piss In The Wind (Deluxe),42D9aaKTLw47faFhRCQfHF
golden hour,JVKE,this is what falling in love feels like (554Hz),4yNk9iz9WVJikRFle3XEvn
Sweet Boy,Malcolm Todd,Sweet Boy,59c2xv2kMzYM6HR9oY6BIa
Señorita,"Shawn Mendes, Camila Cabello",Señorita,0TK2YIli7K1leLovkQiNik
Treat You Better,Shawn Mendes,Illuminate,3QGsuHI8jO1Rx4JWLUh9jd
There's Nothing Holdin' Me Back,Shawn Mendes,Illuminate (Deluxe),7JJmb5XwzOO8jgpou264Ml
Mercy,Shawn Mendes,Illuminate (Deluxe),0AS63m1wHv9n4VVRizK6Hc
If I Can't Have You,Shawn Mendes,Shawn Mendes (Deluxe),2bT1PH7Cw3J9p3t7nlXCdh
Lost In Japan,Shawn Mendes,Shawn Mendes,79esEXlqqmq0GPz0xQSZTV
unravel,TK from Ling tosite sigure,Fantastic Magic,0GLyqTysS0DFoeKjURtB8s
Billie Jean,Michael Jackson,Thriller,7J1uxwnxfQLu4APicE5Rnj
I'd Do Anything For Love (But I Won't Do That),Meat Loaf,Bat Out Of Hell II: Back Into Hell,1k2NivgsLlf1jgn13QqEcd
Beat It,Michael Jackson,Thriller,3BovdzfaX4jb5KFQwoPfAw
She,"Tyler, The Creator, Frank Ocean",Goblin,5WzfCu5fhgm7jv896EN1Md
Benzi Box,"DANGERDOOM, MF DOOM, Danger Mouse, CeeLo Green",THE MOUSE & THE MASK,6bmJYo1KS2X2nzQrCGzdOe
Murder on My Mind,YNW Melly,I AM YOU,7eBqSVxrzQZtK2mmgRG6lC
2 Phones,Kevin Gates,Islah (Deluxe),0wdKiSBUT7aZkXUIdJWcwC
Really Really,Kevin Gates,Islah (Deluxe),10I3CmmwT0BkOVhduDy53o
Big Gangsta,Kevin Gates,Big Gangsta,03ERnTvSV5fy8WAyvA4uNP
The Adults Are Talking,The Strokes,The New Abnormal,5ruzrDWcT0vuJIOMW7gMnW
Ode To The Mets,The Strokes,The New Abnormal,1BLOVHYYlH4JUHQGcpt75R
Lalala,"Y2K, bbno$",Lalala,51Fjme0JiitpyXKuyQiCDo
Serial Killers,Gucci Mane,So Icy Gang: The ReUp,4QuHocEDSrLpkxxFVeZn79
Gucci Gang,Lil Pump,Lil Pump,43ZyHQITOjhciSUUNPVRHc
Hello,OMFG,Hello,7Gt77V28VdZ4WV0ZQZ1g0D
Yeah,OMFG,Yeah,2Dnxnqpao1HiTeXAW1cwS5
Wash Your Hands,OMFG,Wash Your Hands,6qg0gQsrU2DoPsGV18qPJf
FEFE (feat. Nicki Minaj & Murda Beatz),"6ix9ine, Nicki Minaj, Murda Beatz",DUMMY BOY (Revised),43VXG87ajppI8mO1Mxo8vu
GOOBA,6ix9ine,TattleTales,2zvDnNLW4yZ4a0YcGiOEBX
I Love You Mr Snowball,Chestnut Bakery,Diaries,4vjTmSddujtD8jK3yCQGkP
GUMMO,6ix9ine,Day69: Graduation Day,2HBtd9MYDd2xDVu8Zc6pwt
God's Plan,Drake,Scorpion,6DCZcSspjsKoFjzjrWoCdn
Lucid Dreams,Juice WRLD,Goodbye & Good Riddance,285pBltuF7vW8TeWk8hdRR
All Girls Are The Same,Juice WRLD,Goodbye & Good Riddance,4VXIryQMWpIdGgYR4TrjT1
Genesis,Justice,Justice,4wSmqFg31t6LsQWtzYAJob
Moonlight,XXXTENTACION,?,0JP9xo3adEtGSdUEISiszL
Let There Be Light,Justice,Justice,7LG6dQGMIDFKV1SazzWGjK
SAD!,XXXTENTACION,?,3ee8Jmje8o58CHK66QrVC2
Phantom,Justice,Justice,2weNFSRqkClXtfBPTteafY
Phantom Pt. II,Justice,Justice,2A3emhzbZo7eSvEUtAm3ZS
Thriller,Michael Jackson,Thriller,2LlQb7Uoj1kKyGhlkBf9aC
Steppa Pig,"JPEGMAFIA, Danny Brown",SCARING THE HOES,0LLKhrm54tp36K2MbgBfAA
don't rely on other men,JPEGMAFIA,I LAY DOWN MY LIFE FOR YOU,45e7LGvKvMZVY4zRLTSSmY
vulgar display of power,JPEGMAFIA,I LAY DOWN MY LIFE FOR YOU,1Z0FllHuwKceEa9wRJKTku
SIN MIEDO,JPEGMAFIA,I LAY DOWN MY LIFE FOR YOU,6zSLy6mrBrMlzaIn9UDw6o
Thrift Shop (feat. Wanz),"Macklemore & Ryan Lewis, Macklemore, Ryan Lewis, Wanz",The Heist,6CjtS2JZH9RkDz5UVInsa9
Cake By The Ocean,DNCE,DNCE,76hfruVvmfQbw0eYn1nmeC
TiK ToK,Kesha,Animal (Expanded Edition),0HPD5WQqrq7wPWR7P7Dw1i
Dior,Pop Smoke,Meet The Woo,3702l19pLmnSRKFEzDnVeM
I'm Still Standing - From  Sing  Original Motion Picture Soundtrack,Taron Egerton,Sing (Original Motion Picture Soundtrack / Deluxe),0mb7btREdC3wuIUmuVRgWn
Photograph,Nickelback,All the Right Reasons,3hb2ScEVkGchcAQqrPLP0R
Miss The Rage,"Trippie Redd, Playboi Carti",Trip At Knight,5n4FTCMefvyKUjeWumdaWv
Boy's a liar Pt. 2,"PinkPantheress, Ice Spice",Boy's a liar Pt. 2,6AQbmUe0Qwf5PZnt4HmTXv
Deli,Ice Spice,Like..? (Deluxe),5JYPXqMwYc0zTODQdjMEZN
Die Very Rough,Mario Judah,Die Very Rough,3brXaWuPsVScvYQKUh3Ijc
Think U The Shit (Fart),Ice Spice,Think U The Shit (Fart),4w2Furap0ZzaiK4J14E9sR
Munch (Feelin’ U),Ice Spice,Like..? (Deluxe),4A8ts0wUeOYu7y11KAAPil
The Box,Roddy Ricch,Please Excuse Me for Being Antisocial,0nbXyq5TXYPCO7pr3N8S4I
Baby (Lil Baby feat. DaBaby),"Quality Control, Lil Baby, DaBaby",Quality Control: Control The Streets Volume 2,5MPPttjfGap2C6j6eKcO6J
Levitating (feat. DaBaby),"Dua Lipa, DaBaby",Future Nostalgia,5nujrmhLynf4yMoMtj8AQF
Paparazzi,Lady Gaga,The Fame,7Hqig8kp32q2Ire3ECQvWM
Toxic,Britney Spears,In The Zone,6I9VzXrHxO9rA9A5euc8Ak
Fireflies,Owl City,Ocean Eyes,3DamFFqW32WihKkTVlwTYQ
Party Rock Anthem,"LMFAO, Lauren Bennett, GoonRock",Sorry For Party Rocking,0IkKz2J93C94Ei4BvDop7P
Counting Stars,OneRepublic,Native,2tpWsVSb9UEmDRxAl1zhX1
Eye of the Tiger,Survivor,Rocky IV,2KH16WveTQWT6KOG9Rg6e2
The Monster,"Eminem, Rihanna",The Marshall Mathers LP2,3aUp8U4MNWctRXlY5MPysv
Harlem Shake,Baauer,Harlem Shake,01XFgRZfZI7oBagNf1Loml
Uptown Funk (feat. Bruno Mars),"Mark Ronson, Bruno Mars",Uptown Special,32OlwWuMpZ6b0aN2RZOeMS
Cheap Thrills (feat. Sean Paul),"Sia, Sean Paul",This Is Acting,378iszndTZAR4dH8kwsLC6
Human,Rag'n'Bone Man,Human (Deluxe),58zsLZPvfflaiIbNWoA22O
I'm an Albatraoz,"AronChupa, Little Sis Nora",I'm an Albatraoz,5MhsZlmKJG6X5kTHkdwC4B
All Time Low,Jon Bellion,The Human Condition,0SuLAslEMFZAXf0SwY7syi
Anaconda,Nicki Minaj,The Pinkprint (Deluxe),794F99D5BQHS5ZGRXAs7I5
Starships,Nicki Minaj,Pink Friday ... Roman Reloaded,1oHNvJVbFkexQc0BpQp7Y4
Waka Waka (This Time for Africa) [The Official 2010 FIFA World Cup (TM) Song] (feat. Freshlyground),"Shakira, Freshlyground",Summer Party Anthems,1ZlHr9FYHT7YTbXCoxPq5C
Happier,"Marshmello, Bastille",Happier,7BqHUALzNBTanL6OvsqmC1
Pumped Up Kicks,Foster The People,Torches,7w87IxuO7BDcJ3YUqCyMTT
Bad Blood,"Taylor Swift, Kendrick Lamar",Bad Blood,6xsEAm6w9oMQYYg3jkEkMT
About Damn Time,Lizzo,About Damn Time,1PckUlxKqWQs3RlWXVBLw3
Truth Hurts,Lizzo,Cuz I Love You (Super Deluxe),3HWzoMvoF3TQfYg4UPszDq
Good as Hell,Lizzo,Cuz I Love You (Super Deluxe),6KgBpzTuTRPebChN0VTyzV
Dynamite,Taio Cruz,Rokstarr,1DqdF42leyFIzqNDv9CjId
Shut Up and Dance,WALK THE MOON,TALKING IS HARD,4kbj5MwxO1bq9wjT5g9HaA
Chandelier,Sia,1000 Forms Of Fear,4VrWlk8IQxevMvERoX08iC
Sucker,Jonas Brothers,Happiness Begins,22vgEDb5hykfaTwLuskFGD
Unholy (feat. Kim Petras),"Sam Smith, Kim Petras",Gloria,0NZPBYD5qbEWRs3PrGiRkT
Paint The Town Red,Doja Cat,Paint The Town Red,2IGMVunIBsBLtEQyoI1Mu7
Diggy Diggy Hole,The Yogscast,Diggy Diggy Hole,5AKnUqag3WeX8KFo0L5HzJ
Boom Boom Boom Boom Boom Boom Boom Boom Boom Boom Boom Boom Boom,Dan Bull,Boom Boom Boom Boom Boom Boom Boom Boom Boom Boom Boom Boom Boom,1EbUvGMGNtR5VoJOXDwgm6
I Can Swing My Sword!,"Tobuscus, TeraBrite",I Can Swing My Sword!,7B40TUv35niDQtvjZpnWb6
In Ha Mood,Ice Spice,In Ha Mood,0yUaLqhsVsguBpoOPL4cO7
Heat Waves,Glass Animals,Dreamland,3USxtqRwSYz57Ewm6wWRMp
Astronaut In The Ocean,Masked Wolf,Astronomical,6E90gq0KO6FYZVOXx8kCcC
Everybody (feat. Lil Uzi Vert),"Nicki Minaj, Lil Uzi Vert",Pink Friday 2,5ZJGv7aGdIr9IGpxzSG18T
Just Wanna Rock,Lil Uzi Vert,Pink Tape,4Ls53fBNVfaXTROBi6X8Hw
Ransom,Lil Tecca,We Love You Tecca,1lOe9qE0vR9zwWQAOk6CoO
goosebumps,Travis Scott,Birds In The Trap Sing McKnight,6gBFPUFcJLzWGx4lenP6h2
Rude,MAGIC!,Don't Kill the Magic,6RtPijgfPKROxEzTHNRiDp
Heathens,Twenty One Pilots,Heathens,6i0V12jOa3mr6uu4WYhUBr
Stressed Out,Twenty One Pilots,Blurryface,3CRDbSIZ4r5MsZ0YwxuEkn
Ride,Twenty One Pilots,Blurryface,2Z8WuEywRWYTKe1NybPQEW
Good Time,"Owl City, Carly Rae Jepsen",The Midsummer Station,1kPpge9JDLpcj15qgrPbYX
The Fox (What Does the Fox Say?),Ylvis,The Fox (What Does the Fox Say?),5HOpkTTVcmZHnthgyxrIL8
Sexy And I Know It,LMFAO,Sorry For Party Rocking (Deluxe Version),0obBFrPYkSoBJbvHfUIhkv
This Is America,Childish Gambino,This Is America,0b9oOr2ZgvyQu88wzixux9
Feels Like Summer,Childish Gambino,Summer Pack,7p4vHnYXkxlzvfePJVpcTr
Cheerleader,OMI,Cheerleader (Remixes),5ByIHT8s38diBQf6dkEWbt
Why You Gotta Be so Rude?,Urban Madness,Must Have Pop Hits,6kiEC6kRytzsjBBlX4Ljnt
GRIMACE,"CG5, DHeusta, Djsmell",GRIMACE,3vsax0Ule1wiXOVd1afAWQ
Trance Music for Racing Game,Bobby Cole,The Sound of Rugby,0aiBkiwROTevNB0au6vLMH
House of Memories,Panic! At The Disco,Death of a Bachelor,2DgdHcjWmO3qd50RzuBLgZ
How Bad Can I Be?,"Ed Helms, The Lorax Singers",Dr. Seuss' The Lorax - Original Songs From The Motion Picture,4l1R5g85v3bUA1bSSbzg6w
Let It Grow - From  Dr. Seuss' The Lorax ,"The Lorax Singers, Jenny Slate, Betty White, Rob Riggle",Dr. Seuss' The Lorax - Original Songs From The Motion Picture,5BWbhDZB3TJgF7hb2TlTIG
Despicable Me,Pharrell Williams,Despicable Me,2EOMe4XAS7U6UA1mhDs9tP
God Church,Ricegum,God Church,6vSCM2SU46QPusXLiy0kjz
It's Everyday Bro,"Jake Paul, Team 10",It's Everyday Bro,4l62h4tiuUwn7eD6hxMlVQ
It's Everyday Bro,"Jake Paul, Team 10",It's Everyday Bro,0lMWTWANBulDtjtFrT83oU
That Ain't On The News,Jake Paul,That Ain't On The News,4DMsMu0L0s9YjLj6nxZ6Q5
Gucci Flip Flops (feat. Lil Yachty),"Bhad Bhabie, Lil Yachty",15,3hv6ndi7uFT9L9wrhQCsqY
Gangnam Style (강남스타일),PSY,Gangnam Style (강남스타일),03UrZgTINDqvnUMbbIMhql
Replay,Iyaz,Replay,5vlEg2fT4cFWAqU5QptIpQ
DJ Got Us Fallin' In Love (feat. Pitbull),"USHER, Pitbull",Raymond v Raymond (Expanded Edition),4356Typ82hUiFAynbLYbPn
Used To Be Young,Miley Cyrus,Endless Summer Vacation,41WQUSINanQHfhfKpFDsms
Houdini,Dua Lipa,Houdini,4OMJGnvZfDvsePyCwRGO7X
Blank Space,Taylor Swift,1989,1p80LdxRV74UKvL8gnD7ky
Heart Attack,Demi Lovato,Demi,1V6gIisPpYqgFeWbMLI0bA
Magnolia,Playboi Carti,Playboi Carti,1e1JKLEDKP7hEQzJfNAgPl
I Am Your Gummy Bear (The Gummy Bear Song),Gummibär,I Am Your Gummy Bear,6nFYXpBgrNcZjbtNEuc6yR
Glad You Came,The Wanted,Battleground (Deluxe Edition),5yDL13y5giogKs2fSNf7sj
7 Years,Lukas Graham,Lukas Graham,5kqIPrATaCc2LqxVWzQGbk
Oompa Loompa - From  Willy Wonka & The Chocolate Factory  Soundtrack,Oompa Loompa Cast,Willy Wonka & The Chocolate Factory,3FOVyUbdnNuUmjRR8mI18O
I Play Pokemon go Everyday,Dj Remix Fellow,I Play Pokemon go Everyday,1rujbYy3ISmYnDrBlBI7qb
The Duck Song (Got Any Grapes),Rik Gaynor,The Duck Song (Got Any Grapes),4TYwp6hPy8UIHNzJk8JGeA
Raining Tacos,Parry Gripp,Parry Gripp Mega-Party (2008 - 2012),01apQz7E72krU1k1b4VWs7
Baby Shark,Pinkfong,Pinkfong Animal Songs,5ygDXis42ncn6kYG14lEVG
Do You Like Waffles?,Parry Gripp,Do You Like Waffles?,7dlNLDrE2Fc3IlvN5Ha8xa
Thneedville,"The Lorax Singers, Rob Riggle",Dr. Seuss' The Lorax - Original Songs From The Motion Picture,7vmEKYa8wixTVJJurSRlfF
You've Got a Friend in Me,Randy Newman,Toy Story (Original Motion Picture Soundtrack),2stkLJ0JNcXkIRDNF3ld6c
Try Everything,Shakira,Zootopia (Original Motion Picture Soundtrack),1N3dZ7TTWO6VcD4Y3hHYLZ
Peanut Butter Jelly Time,Yummy Yummy,Peanut Butter Jelly Time - Single,0ddK1TCZjX1LdQBBIOzmHH
Bangarang (feat. Sirah),"Skrillex, Sirah",Bangarang EP,6VRhkROS2SZHGlp0pxndbJ
Lean On,"Major Lazer, DJ Snake, MØ, Diplo",Peace Is The Mission,01aTsQoKoeXofSTvKuunzv
Lift Yourself,Kanye West,Lift Yourself,3uYDO9dPLTVrgfwg7EYXSf
How Deep Is Your Love,"Calvin Harris, Disciples",How Deep Is Your Love,22mek4IiqubGD9ctzxc69s
"Me, Myself & I","G-Eazy, Bebe Rexha",When It's Dark Out,40YcuQysJ0KlGQTeGUosTC
In the Name of Love,"Martin Garrix, Bebe Rexha",In the Name of Love,23L5CiUhw2jV1OIMwthR3S
Swish Swish,"Katy Perry, Nicki Minaj",Witness (Deluxe),3OtMnyUaiipcAT23A8liyi
Watch Me (Whip / Nae Nae),Silentó,Watch Me (Whip / Nae Nae),5RIVoVdkDLEygELLCniZFr
Worth It (feat. Kid Ink),"Fifth Harmony, Kid Ink",Reflection,1xwVHu3HE3JDf1d6dHVM4u
Pumpkins in My Pockets,Chuck E. Cheese,Happy Halloween Chuck E. Cheese,1QJE3XzsvD7ccuhTz3Rvm7
Let It Be - Remastered 2015,The Beatles,1 (Remastered),4qsVPnhbvEooD1bSNqvvh0
Here Comes The Sun - Remastered 2009,The Beatles,Abbey Road (Remastered),6dGnYIeXmHdcikdzNNDMm2
The Fool On The Hill - Remastered 2009,The Beatles,Magical Mystery Tour (Remastered),6rHh8urosEFRI67xVa6fzU
Stereo Hearts (feat. Adam Levine),"Gym Class Heroes, Adam Levine",The Papercut Chronicles II,0qOnSQQF0yzuPWsXrQ9paz
Faded,Alan Walker,Faded,7gHs73wELdeycvS48JfIos
Spectre,Alan Walker,Origins,2kY1bCxkRIPz3qDgKAbQM6
Unity,TheFatRat,Unity,47qYqGPgMTh3l1PRKBHEfI
Xenogenesis,TheFatRat,Xenogenesis,6QJnaTEqZYHoA1RWv9NHKS
Press Start,MDK,Press Start,6gCkhtTNxRCTe5auCcGSzj
Beep Beep I'm a Sheep,"LilDeuceDeuce, TomSka, Black Gryph0n",Beep Beep I'm a Sheep,6R15sXb3qRfJOsIbt1vS2a
Alone,Marshmello,Alone,3MEYFivt6bilQ9q9mFWZ4g
Rasputin,Boney M.,Nightflight to Venus,5jkFvD4UJrmdoezzT1FRoP
Skibidi Toilet,Lil Big Stack,Skibidi Toilet,73AiQc9SXjjeii7jbhQ6Vc
Call Me Maybe,Carly Rae Jepsen,Kiss (Deluxe),38DgNqC7TQkZ3Ih5Vz6K0Q
High Hopes,Panic! At The Disco,Pray for the Wicked,1rqqCSm0Qe4I9rUvWncaom
679 (feat. Remy Boyz),"Fetty Wap, Remy Boyz",679 (feat. Remy Boyz),5NQbUaeTEOGdD6hHcre0dZ
Trap Queen,Fetty Wap,Fetty Wap (Deluxe),2d8JP84HNLKhmd6IYOoupQ
Bugatti,"Ace Hood, Future, Rick Ross",Hardcore Rap,1PrdKxGYIjHVJPfNuTbIx7
Ballin' (with Roddy Ricch),"Mustard, Roddy Ricch",Perfect Ten,3QzAOrNlsabgbMwlZt7TAY
Mo Bamba,Sheck Wes,MUDBOY,1xzBco0xcoJEDXktl7Jxrr
Panda,Desiigner,New English,5YEOzOojehCqxGQCcQiyR4
Mine,Bazzi,COSMIC,7uzmGiiJyRfuViKKK3lVmR
Yummy,Justin Bieber,Changes,16wAOAZ2OkqoIDN7TpChjR
Blueberry Faygo,Lil Mosey,Certified Hitmaker,22LAwLoDA5b4AaGSkg6bKW
ROXANNE,Arizona Zervas,ROXANNE,696DnlkuDOXcMAnKlTgXXK
NOKIA BEAT! (OFFICIAL),"Blanco y Sancho, ÖVERHOUSE",NOKIA BEAT! (OFFICIAL),4QjDP4cIHIsiLmdnDt0YUF
Big Chungus,Endigo,Big Chungus,1zPWTZRStEg3Vye5HtagV5
Lil Boo Thang,Paul Russell,Lil Boo Thang,0cVyQfDyRnMJ0V3rjjdlU3
Crank That (Soulja Boy),Soulja Boy,souljaboytellem.com,66TRwr5uJwPt15mfFkzhbi
Kiss Me Thru The Phone,"Soulja Boy, Sammie",iSouljaBoyTellem,2q4rjDy9WhaN3o9MvDbO21
On the Floor,IceJJFish,On the Floor,0cm53Jz1z1AA7NrfN7VAk6
All I Want for Christmas Is You,Mariah Carey,Merry Christmas,0bYg9bo50gSsH3LtXe2SQn
Rap God,Eminem,The Marshall Mathers LP2 (Deluxe),6or1bKJiZ06IlK0vFvY75k
Counting Stars,OneRepublic,Native,6sy3LkhNFjJWlaeSMNwQ62
Apologize,OneRepublic,Dreaming Out Loud,1NrJYpdAi7uosDRPmSYrsG
Juju On That Beat,"Zay Hilfigerrr, Zayion McCall",Urban Soundz Vol. 13,69YY68QbEf9o1LILdwzepA
Rolex,Ayo & Teo,Rolex,0pSBuHjILhNEo55xK1zrRt
A Thousand Miles,Vanessa Carlton,Be Not Nobody,4w1lzcaoZ1IC2K5TwjalRP
Five Nights at Freddy's,The Living Tombstone,Five Nights at Freddy's,2ItNKt19iqefEe590Z9GeE
I Got No Time,The Living Tombstone,I Got No Time,1ffKh2d1EzZlvuvVj2xpI9
Gangsta's Paradise,"Coolio, L.V.",Gangsta's Paradise,1DIXPcTDzTj8ZMHt3PDt8p
Pigstep (Stereo Mix),"Lena Raine, Minecraft",Minecraft: Nether Update (Original Game Soundtrack),2TmUt0ofWMa02MdYkKhK4C
Revenge,"Captainsparklez, Tryhardninja",Revenge,0z3XcxcrqvWe36Dtgiqrh0
TNT,"Captainsparklez, Tryhardninja",TNT,35ybWXghBDVLNwEnJi5G0I
Don't Mine at Night - Minecraft Parody,Brad Knauber,Don't Mine at Night - Minecraft Parody,68qjS7DsWSTfxuaKLcPc3j
Everest (with Yung Gravy),"Dream, Yung Gravy",to whoever wants to hear,7lpIxzLl9AuQIdcFQiA2zS
Bitch Lasagna,"pewdiepie, Party in Backyard",Bitch Lasagna,1AKGJQIHP3dIPuhOjdxD6a
American Boy,"Estelle, Kanye West",Shine,6etwirSInfuJrSOlogS6Sh
Killshot,Eminem,Killshot,1jo3TwNGCXfNdB5uba3ZVv
1-800-273-8255,"Logic, Alessia Cara, Khalid",Everybody,5tz69p7tJuGPeMGwNTxYuV
Homicide (feat. Eminem),"Logic, Eminem",Confessions of a Dangerous Mind,7M2tXmeS15NAzEn7ABFeBg
John Doe (feat. Priscilla),"B.o.B, Priscilla",Underground Luxury,0NIIKjRSjFVfjkgcgWlgQu
I'm Gonna Be (500 Miles),The Proclaimers,Sunshine on Leith,67iAlVNDDdddxqSD2EZhFs
4 Da Trap,645AR,4 Da Trap,0vE83hbgyJwhLrilUyB6bu
Hey Ya!,Outkast,Speakerboxxx/The Love Below,2PpruBYCo4H7WOBJ7Q2EwM
World Cup,IShowSpeed,World Cup,22TFAU0e7WHAQFGzwneu1e
"Shake, Pt. 2 - Get Get Down Version","IShowSpeed, dj Shawny","Shake, Pt. 2 (Get Get Down Version)",2AxuA0uGFuizelViYhaHgh
Hardware Store, Weird Al  Yankovic,Poodle Hat,2Q26sym8OSOl6PfH7LLPtJ
"Down Like That - feat. Rick Ross, Lil Baby & S-X","KSI, S-X, Rick Ross, Lil Baby","Down Like That (feat. Rick Ross, Lil Baby & S-X)",4aszXcDuzeZiFmmTxwNv3F